-- phpMyAdmin SQL Dump
-- version 4.9.5
-- https://www.phpmyadmin.net/
--
-- Host: localhost:3306
-- Generation Time: Oct 21, 2020 at 10:40 PM
-- Server version: 10.3.24-MariaDB
-- PHP Version: 7.3.6

SET SQL_MODE = "NO_AUTO_VALUE_ON_ZERO";
SET AUTOCOMMIT = 0;
START TRANSACTION;
SET time_zone = "+00:00";


/*!40101 SET @OLD_CHARACTER_SET_CLIENT=@@CHARACTER_SET_CLIENT */;
/*!40101 SET @OLD_CHARACTER_SET_RESULTS=@@CHARACTER_SET_RESULTS */;
/*!40101 SET @OLD_COLLATION_CONNECTION=@@COLLATION_CONNECTION */;
/*!40101 SET NAMES utf8mb4 */;

--
-- Database: `noticianahora_aposta`
--

-- --------------------------------------------------------

--
-- Table structure for table `accounts`
--

CREATE TABLE `accounts` (
  `id` bigint(20) UNSIGNED NOT NULL,
  `user_id` bigint(20) UNSIGNED NOT NULL,
  `balance` decimal(20,2) NOT NULL DEFAULT 0.00,
  `created_at` timestamp NULL DEFAULT NULL,
  `updated_at` timestamp NULL DEFAULT NULL
) ENGINE=InnoDB DEFAULT CHARSET=utf8 COLLATE=utf8_unicode_ci;

--
-- Dumping data for table `accounts`
--

INSERT INTO `accounts` (`id`, `user_id`, `balance`, `created_at`, `updated_at`) VALUES
(1, 1, 12023.54, '2020-10-16 21:03:23', '2020-10-17 05:49:21'),
(2, 2, 999.63, '2020-10-16 23:13:25', '2020-10-16 23:14:40'),
(3, 3, 1110.78, '2020-10-20 18:50:00', '2020-10-20 20:39:34');

-- --------------------------------------------------------

--
-- Table structure for table `account_transactions`
--

CREATE TABLE `account_transactions` (
  `id` bigint(20) UNSIGNED NOT NULL,
  `account_id` bigint(20) UNSIGNED NOT NULL,
  `amount` decimal(20,2) NOT NULL,
  `balance` decimal(20,2) NOT NULL,
  `transactionable_type` varchar(255) COLLATE utf8_unicode_ci NOT NULL,
  `transactionable_id` bigint(20) UNSIGNED NOT NULL,
  `created_at` timestamp NULL DEFAULT NULL,
  `updated_at` timestamp NULL DEFAULT NULL
) ENGINE=InnoDB DEFAULT CHARSET=utf8 COLLATE=utf8_unicode_ci;

--
-- Dumping data for table `account_transactions`
--

INSERT INTO `account_transactions` (`id`, `account_id`, `amount`, `balance`, `transactionable_type`, `transactionable_id`, `created_at`, `updated_at`) VALUES
(1, 1, 1000.00, 1000.00, 'App\\Models\\Bonus', 1, '2020-10-16 21:03:23', '2020-10-16 21:03:23'),
(2, 1, 11111.00, 12111.00, 'App\\Models\\GenericAccountTransaction', 1, '2020-10-16 21:11:16', '2020-10-16 21:11:16'),
(3, 1, 1.00, 12112.00, 'App\\Models\\Game', 1, '2020-10-16 21:11:23', '2020-10-16 21:11:23'),
(4, 1, -1.00, 12111.00, 'App\\Models\\Game', 2, '2020-10-16 21:11:28', '2020-10-16 21:11:28'),
(5, 1, -1.00, 12110.00, 'App\\Models\\Game', 3, '2020-10-16 21:11:32', '2020-10-16 21:11:32'),
(6, 1, 1.00, 12111.00, 'App\\Models\\Game', 4, '2020-10-16 21:12:33', '2020-10-16 21:12:33'),
(7, 1, 1.00, 12112.00, 'App\\Models\\Game', 5, '2020-10-16 21:12:43', '2020-10-16 21:12:43'),
(8, 1, 1.00, 12113.00, 'App\\Models\\Game', 6, '2020-10-16 21:12:51', '2020-10-16 21:12:51'),
(9, 1, 0.93, 12113.93, 'App\\Models\\Game', 7, '2020-10-16 21:13:04', '2020-10-16 21:13:04'),
(10, 1, 1.00, 12114.93, 'App\\Models\\Game', 8, '2020-10-16 22:28:12', '2020-10-16 22:28:12'),
(11, 1, 1.00, 12115.93, 'App\\Models\\Game', 9, '2020-10-16 22:28:20', '2020-10-16 22:28:20'),
(12, 1, 6.97, 12122.90, 'App\\Models\\Game', 10, '2020-10-16 22:28:29', '2020-10-16 22:28:29'),
(13, 1, -50.00, 12072.90, 'App\\Models\\Game', 11, '2020-10-16 22:28:43', '2020-10-16 22:28:43'),
(14, 1, 49.82, 12122.72, 'App\\Models\\Game', 12, '2020-10-16 22:28:54', '2020-10-16 22:28:54'),
(15, 1, -50.00, 12072.72, 'App\\Models\\Game', 13, '2020-10-16 22:29:04', '2020-10-16 22:29:04'),
(16, 1, 1.00, 12073.72, 'App\\Models\\Game', 14, '2020-10-16 22:37:15', '2020-10-16 22:37:15'),
(17, 1, 1.00, 12074.72, 'App\\Models\\Game', 15, '2020-10-16 22:37:37', '2020-10-16 22:37:37'),
(18, 2, 1000.00, 1000.00, 'App\\Models\\Bonus', 2, '2020-10-16 23:13:25', '2020-10-16 23:13:25'),
(19, 2, -1.00, 999.00, 'App\\Models\\Game', 16, '2020-10-16 23:14:22', '2020-10-16 23:14:22'),
(20, 2, 0.63, 999.63, 'App\\Models\\Game', 17, '2020-10-16 23:14:40', '2020-10-16 23:14:40'),
(21, 1, 1.00, 12075.72, 'App\\Models\\Game', 18, '2020-10-17 00:40:33', '2020-10-17 00:40:33'),
(22, 1, -1.00, 12074.72, 'App\\Models\\Game', 19, '2020-10-17 05:48:28', '2020-10-17 05:48:28'),
(23, 1, -1.00, 12073.72, 'App\\Models\\Game', 20, '2020-10-17 05:48:35', '2020-10-17 05:48:35'),
(24, 1, 0.00, 12073.72, 'App\\Models\\Game', 21, '2020-10-17 05:48:46', '2020-10-17 05:48:46'),
(25, 1, -0.09, 12073.63, 'App\\Models\\Game', 22, '2020-10-17 05:49:02', '2020-10-17 05:49:02'),
(26, 1, -0.09, 12073.54, 'App\\Models\\Game', 23, '2020-10-17 05:49:09', '2020-10-17 05:49:09'),
(27, 1, -50.00, 12023.54, 'App\\Models\\Game', 24, '2020-10-17 05:49:21', '2020-10-17 05:49:21'),
(28, 3, 1000.00, 1000.00, 'App\\Models\\Bonus', 3, '2020-10-20 18:50:00', '2020-10-20 18:50:00'),
(29, 3, -1.00, 999.00, 'App\\Models\\Game', 25, '2020-10-20 18:51:50', '2020-10-20 18:51:50'),
(30, 3, 2.93, 1001.93, 'App\\Models\\Game', 26, '2020-10-20 18:52:16', '2020-10-20 18:52:16'),
(31, 3, 2.93, 1004.86, 'App\\Models\\Game', 27, '2020-10-20 18:53:55', '2020-10-20 18:53:55'),
(32, 3, 6.69, 1011.55, 'App\\Models\\Game', 28, '2020-10-20 18:54:21', '2020-10-20 18:54:21'),
(33, 3, 11.72, 1023.27, 'App\\Models\\Game', 29, '2020-10-20 18:54:47', '2020-10-20 18:54:47'),
(34, 3, 1.00, 1024.27, 'App\\Models\\Game', 30, '2020-10-20 18:55:31', '2020-10-20 18:55:31'),
(35, 3, -1.00, 1023.27, 'App\\Models\\Game', 31, '2020-10-20 18:55:49', '2020-10-20 18:55:49'),
(36, 3, 1.00, 1024.27, 'App\\Models\\Game', 32, '2020-10-20 18:55:55', '2020-10-20 18:55:55'),
(37, 3, -1.00, 1023.27, 'App\\Models\\Game', 33, '2020-10-20 18:56:01', '2020-10-20 18:56:01'),
(38, 3, -1.00, 1022.27, 'App\\Models\\Game', 34, '2020-10-20 18:56:05', '2020-10-20 18:56:05'),
(39, 3, 0.95, 1023.22, 'App\\Models\\Game', 35, '2020-10-20 18:56:13', '2020-10-20 18:56:13'),
(40, 3, 0.95, 1024.17, 'App\\Models\\Game', 36, '2020-10-20 18:56:18', '2020-10-20 18:56:18'),
(41, 3, 0.95, 1025.12, 'App\\Models\\Game', 37, '2020-10-20 18:56:24', '2020-10-20 18:56:24'),
(42, 3, -1.00, 1024.12, 'App\\Models\\Game', 38, '2020-10-20 18:56:28', '2020-10-20 18:56:28'),
(43, 3, 0.85, 1024.97, 'App\\Models\\Game', 39, '2020-10-20 20:18:22', '2020-10-20 20:18:22'),
(44, 3, 0.85, 1025.82, 'App\\Models\\Game', 40, '2020-10-20 20:18:43', '2020-10-20 20:18:43'),
(45, 3, 78.34, 1104.16, 'App\\Models\\Game', 41, '2020-10-20 20:19:31', '2020-10-20 20:19:31'),
(46, 3, 78.34, 1182.50, 'App\\Models\\Game', 42, '2020-10-20 20:19:53', '2020-10-20 20:19:53'),
(47, 3, 78.34, 1260.84, 'App\\Models\\Game', 43, '2020-10-20 20:20:24', '2020-10-20 20:20:24'),
(48, 3, -50.00, 1210.84, 'App\\Models\\Game', 44, '2020-10-20 20:20:44', '2020-10-20 20:20:44'),
(49, 3, 78.34, 1289.18, 'App\\Models\\Game', 45, '2020-10-20 20:21:05', '2020-10-20 20:21:05'),
(50, 3, -50.00, 1239.18, 'App\\Models\\Game', 46, '2020-10-20 20:21:26', '2020-10-20 20:21:26'),
(51, 3, -50.00, 1189.18, 'App\\Models\\Game', 47, '2020-10-20 20:21:45', '2020-10-20 20:21:45'),
(52, 3, 78.34, 1267.52, 'App\\Models\\Game', 48, '2020-10-20 20:22:17', '2020-10-20 20:22:17'),
(53, 3, -50.00, 1217.52, 'App\\Models\\Game', 49, '2020-10-20 20:28:00', '2020-10-20 20:28:00'),
(54, 3, -38.00, 1179.52, 'App\\Models\\Game', 50, '2020-10-20 20:28:33', '2020-10-20 20:28:33'),
(55, 3, -38.00, 1141.52, 'App\\Models\\Game', 51, '2020-10-20 20:28:54', '2020-10-20 20:28:54'),
(56, 3, 142.54, 1284.06, 'App\\Models\\Game', 52, '2020-10-20 20:29:19', '2020-10-20 20:29:19'),
(57, 3, -50.00, 1234.06, 'App\\Models\\Game', 53, '2020-10-20 20:29:49', '2020-10-20 20:29:49'),
(58, 3, 142.54, 1376.60, 'App\\Models\\Game', 54, '2020-10-20 20:30:35', '2020-10-20 20:30:35'),
(59, 3, -50.00, 1326.60, 'App\\Models\\Game', 55, '2020-10-20 20:30:55', '2020-10-20 20:30:55'),
(60, 3, 142.54, 1469.14, 'App\\Models\\Game', 56, '2020-10-20 20:31:14', '2020-10-20 20:31:14'),
(61, 3, -50.00, 1419.14, 'App\\Models\\Game', 57, '2020-10-20 20:31:56', '2020-10-20 20:31:56'),
(62, 3, -50.00, 1369.14, 'App\\Models\\Game', 58, '2020-10-20 20:32:19', '2020-10-20 20:32:19'),
(63, 3, -50.00, 1319.14, 'App\\Models\\Game', 59, '2020-10-20 20:32:34', '2020-10-20 20:32:34'),
(64, 3, -50.00, 1269.14, 'App\\Models\\Game', 60, '2020-10-20 20:32:57', '2020-10-20 20:32:57'),
(65, 3, 142.54, 1411.68, 'App\\Models\\Game', 61, '2020-10-20 20:33:27', '2020-10-20 20:33:27'),
(66, 3, -50.00, 1361.68, 'App\\Models\\Game', 62, '2020-10-20 20:33:44', '2020-10-20 20:33:44'),
(67, 3, -50.00, 1311.68, 'App\\Models\\Game', 63, '2020-10-20 20:35:09', '2020-10-20 20:35:09'),
(68, 3, -50.00, 1261.68, 'App\\Models\\Game', 64, '2020-10-20 20:35:39', '2020-10-20 20:35:39'),
(69, 3, -50.00, 1211.68, 'App\\Models\\Game', 65, '2020-10-20 20:35:55', '2020-10-20 20:35:55'),
(70, 3, 49.82, 1261.50, 'App\\Models\\Game', 66, '2020-10-20 20:36:14', '2020-10-20 20:36:14'),
(71, 3, 49.82, 1311.32, 'App\\Models\\Game', 67, '2020-10-20 20:36:31', '2020-10-20 20:36:31'),
(72, 3, -50.00, 1261.32, 'App\\Models\\Game', 68, '2020-10-20 20:36:48', '2020-10-20 20:36:48'),
(73, 3, -50.00, 1211.32, 'App\\Models\\Game', 69, '2020-10-20 20:37:05', '2020-10-20 20:37:05'),
(74, 3, -50.00, 1161.32, 'App\\Models\\Game', 70, '2020-10-20 20:37:23', '2020-10-20 20:37:23'),
(75, 3, 49.82, 1211.14, 'App\\Models\\Game', 71, '2020-10-20 20:37:43', '2020-10-20 20:37:43'),
(76, 3, -50.00, 1161.14, 'App\\Models\\Game', 72, '2020-10-20 20:38:05', '2020-10-20 20:38:05'),
(77, 3, -50.00, 1111.14, 'App\\Models\\Game', 73, '2020-10-20 20:38:24', '2020-10-20 20:38:24'),
(78, 3, -50.00, 1061.14, 'App\\Models\\Game', 74, '2020-10-20 20:38:41', '2020-10-20 20:38:41'),
(79, 3, 49.82, 1110.96, 'App\\Models\\Game', 75, '2020-10-20 20:38:59', '2020-10-20 20:38:59'),
(80, 3, 49.82, 1160.78, 'App\\Models\\Game', 76, '2020-10-20 20:39:16', '2020-10-20 20:39:16'),
(81, 3, -50.00, 1110.78, 'App\\Models\\Game', 77, '2020-10-20 20:39:34', '2020-10-20 20:39:34');

-- --------------------------------------------------------

--
-- Table structure for table `affiliate_commissions`
--

CREATE TABLE `affiliate_commissions` (
  `id` bigint(20) UNSIGNED NOT NULL,
  `account_id` bigint(20) UNSIGNED NOT NULL,
  `referral_account_id` bigint(20) UNSIGNED NOT NULL,
  `tier` tinyint(3) UNSIGNED NOT NULL,
  `type` tinyint(3) UNSIGNED NOT NULL,
  `status` tinyint(3) UNSIGNED NOT NULL,
  `amount` decimal(20,2) NOT NULL,
  `commissionable_type` varchar(255) COLLATE utf8_unicode_ci NOT NULL,
  `commissionable_id` bigint(20) UNSIGNED NOT NULL,
  `ip` varchar(45) COLLATE utf8_unicode_ci NOT NULL,
  `created_at` timestamp NULL DEFAULT NULL,
  `updated_at` timestamp NULL DEFAULT NULL
) ENGINE=InnoDB DEFAULT CHARSET=utf8 COLLATE=utf8_unicode_ci;

-- --------------------------------------------------------

--
-- Table structure for table `bonuses`
--

CREATE TABLE `bonuses` (
  `id` bigint(20) UNSIGNED NOT NULL,
  `account_id` bigint(20) UNSIGNED NOT NULL,
  `type` tinyint(3) UNSIGNED NOT NULL,
  `amount` decimal(20,2) NOT NULL,
  `created_at` timestamp NULL DEFAULT NULL,
  `updated_at` timestamp NULL DEFAULT NULL
) ENGINE=InnoDB DEFAULT CHARSET=utf8 COLLATE=utf8_unicode_ci;

--
-- Dumping data for table `bonuses`
--

INSERT INTO `bonuses` (`id`, `account_id`, `type`, `amount`, `created_at`, `updated_at`) VALUES
(1, 1, 1, 1000.00, '2020-10-16 21:03:23', '2020-10-16 21:03:23'),
(2, 2, 1, 1000.00, '2020-10-16 23:13:25', '2020-10-16 23:13:25'),
(3, 3, 1, 1000.00, '2020-10-20 18:50:00', '2020-10-20 18:50:00');

-- --------------------------------------------------------

--
-- Table structure for table `chat_messages`
--

CREATE TABLE `chat_messages` (
  `id` bigint(20) UNSIGNED NOT NULL,
  `room_id` bigint(20) UNSIGNED NOT NULL,
  `user_id` bigint(20) UNSIGNED NOT NULL,
  `message` text COLLATE utf8_unicode_ci NOT NULL,
  `created_at` timestamp NULL DEFAULT NULL,
  `updated_at` timestamp NULL DEFAULT NULL
) ENGINE=InnoDB DEFAULT CHARSET=utf8 COLLATE=utf8_unicode_ci;

-- --------------------------------------------------------

--
-- Table structure for table `chat_message_recipients`
--

CREATE TABLE `chat_message_recipients` (
  `id` bigint(20) UNSIGNED NOT NULL,
  `message_id` bigint(20) UNSIGNED NOT NULL,
  `user_id` bigint(20) UNSIGNED NOT NULL,
  `created_at` timestamp NULL DEFAULT NULL,
  `updated_at` timestamp NULL DEFAULT NULL
) ENGINE=InnoDB DEFAULT CHARSET=utf8 COLLATE=utf8_unicode_ci;

-- --------------------------------------------------------

--
-- Table structure for table `chat_rooms`
--

CREATE TABLE `chat_rooms` (
  `id` bigint(20) UNSIGNED NOT NULL,
  `name` varchar(50) COLLATE utf8_unicode_ci NOT NULL,
  `enabled` tinyint(1) NOT NULL DEFAULT 1,
  `created_at` timestamp NULL DEFAULT NULL,
  `updated_at` timestamp NULL DEFAULT NULL
) ENGINE=InnoDB DEFAULT CHARSET=utf8 COLLATE=utf8_unicode_ci;

-- --------------------------------------------------------

--
-- Table structure for table `games`
--

CREATE TABLE `games` (
  `id` bigint(20) UNSIGNED NOT NULL,
  `account_id` bigint(20) UNSIGNED NOT NULL,
  `provably_fair_game_id` bigint(20) UNSIGNED NOT NULL,
  `gameable_type` varchar(255) COLLATE utf8_unicode_ci NOT NULL,
  `gameable_id` bigint(20) UNSIGNED NOT NULL,
  `bet` decimal(16,2) NOT NULL,
  `win` decimal(16,2) NOT NULL,
  `status` tinyint(4) NOT NULL,
  `created_at` timestamp NULL DEFAULT NULL,
  `updated_at` timestamp NULL DEFAULT NULL
) ENGINE=InnoDB DEFAULT CHARSET=utf8 COLLATE=utf8_unicode_ci;

--
-- Dumping data for table `games`
--

INSERT INTO `games` (`id`, `account_id`, `provably_fair_game_id`, `gameable_type`, `gameable_id`, `bet`, `win`, `status`, `created_at`, `updated_at`) VALUES
(1, 1, 2, 'Packages\\Baccarat\\Models\\Baccarat', 1, 1.00, 2.00, 1, '2020-10-16 21:11:23', '2020-10-16 21:11:23'),
(2, 1, 3, 'Packages\\Baccarat\\Models\\Baccarat', 2, 1.00, 0.00, 1, '2020-10-16 21:11:28', '2020-10-16 21:11:28'),
(3, 1, 4, 'Packages\\Baccarat\\Models\\Baccarat', 3, 1.00, 0.00, 1, '2020-10-16 21:11:32', '2020-10-16 21:11:32'),
(4, 1, 6, 'Packages\\Dice3D\\Models\\Dice3D', 1, 1.00, 2.00, 1, '2020-10-16 21:12:33', '2020-10-16 21:12:33'),
(5, 1, 7, 'Packages\\Dice3D\\Models\\Dice3D', 2, 1.00, 2.00, 1, '2020-10-16 21:12:43', '2020-10-16 21:12:43'),
(6, 1, 8, 'Packages\\Dice3D\\Models\\Dice3D', 3, 1.00, 2.00, 1, '2020-10-16 21:12:51', '2020-10-16 21:12:51'),
(7, 1, 9, 'Packages\\Dice3D\\Models\\Dice3D', 4, 1.00, 1.93, 1, '2020-10-16 21:13:04', '2020-10-16 21:13:04'),
(8, 1, 13, 'Packages\\Dice3D\\Models\\Dice3D', 5, 1.00, 2.00, 1, '2020-10-16 22:28:12', '2020-10-16 22:28:12'),
(9, 1, 14, 'Packages\\Dice3D\\Models\\Dice3D', 6, 1.00, 2.00, 1, '2020-10-16 22:28:20', '2020-10-16 22:28:20'),
(10, 1, 15, 'Packages\\Dice3D\\Models\\Dice3D', 7, 7.00, 13.97, 1, '2020-10-16 22:28:29', '2020-10-16 22:28:29'),
(11, 1, 16, 'Packages\\Dice3D\\Models\\Dice3D', 8, 50.00, 0.00, 1, '2020-10-16 22:28:43', '2020-10-16 22:28:43'),
(12, 1, 17, 'Packages\\Dice3D\\Models\\Dice3D', 9, 50.00, 99.82, 1, '2020-10-16 22:28:54', '2020-10-16 22:28:54'),
(13, 1, 18, 'Packages\\Dice3D\\Models\\Dice3D', 10, 50.00, 0.00, 1, '2020-10-16 22:29:04', '2020-10-16 22:29:04'),
(14, 1, 20, 'Packages\\Dice3D\\Models\\Dice3D', 11, 1.00, 2.00, 1, '2020-10-16 22:37:15', '2020-10-16 22:37:15'),
(15, 1, 22, 'Packages\\Dice3D\\Models\\Dice3D', 12, 1.00, 2.00, 1, '2020-10-16 22:37:37', '2020-10-16 22:37:37'),
(16, 2, 25, 'Packages\\Dice3D\\Models\\Dice3D', 13, 1.00, 0.00, 1, '2020-10-16 23:14:22', '2020-10-16 23:14:22'),
(17, 2, 26, 'Packages\\Dice3D\\Models\\Dice3D', 14, 1.00, 1.63, 1, '2020-10-16 23:14:40', '2020-10-16 23:14:40'),
(18, 1, 28, 'Packages\\Dice3D\\Models\\Dice3D', 15, 1.00, 2.00, 1, '2020-10-17 00:40:33', '2020-10-17 00:40:33'),
(19, 1, 30, 'Packages\\Dice3D\\Models\\Dice3D', 16, 1.00, 0.00, 1, '2020-10-17 05:48:28', '2020-10-17 05:48:28'),
(20, 1, 31, 'Packages\\Dice3D\\Models\\Dice3D', 17, 1.00, 0.00, 1, '2020-10-17 05:48:35', '2020-10-17 05:48:35'),
(21, 1, 32, 'Packages\\Dice3D\\Models\\Dice3D', 18, 1.00, 1.00, 1, '2020-10-17 05:48:46', '2020-10-17 05:48:46'),
(22, 1, 33, 'Packages\\Dice3D\\Models\\Dice3D', 19, 50.00, 49.91, 1, '2020-10-17 05:49:02', '2020-10-17 05:49:02'),
(23, 1, 34, 'Packages\\Dice3D\\Models\\Dice3D', 20, 50.00, 49.91, 1, '2020-10-17 05:49:09', '2020-10-17 05:49:09'),
(24, 1, 35, 'Packages\\Dice3D\\Models\\Dice3D', 21, 50.00, 0.00, 1, '2020-10-17 05:49:21', '2020-10-17 05:49:21'),
(25, 3, 39, 'Packages\\Dice3D\\Models\\Dice3D', 22, 1.00, 0.00, 1, '2020-10-20 18:51:49', '2020-10-20 18:51:49'),
(26, 3, 40, 'Packages\\Dice3D\\Models\\Dice3D', 23, 7.00, 9.93, 1, '2020-10-20 18:52:16', '2020-10-20 18:52:16'),
(27, 3, 41, 'Packages\\Dice3D\\Models\\Dice3D', 24, 7.00, 9.93, 1, '2020-10-20 18:53:55', '2020-10-20 18:53:55'),
(28, 3, 42, 'Packages\\Dice3D\\Models\\Dice3D', 25, 16.00, 22.69, 1, '2020-10-20 18:54:21', '2020-10-20 18:54:21'),
(29, 3, 43, 'Packages\\Dice3D\\Models\\Dice3D', 26, 28.00, 39.72, 1, '2020-10-20 18:54:47', '2020-10-20 18:54:47'),
(30, 3, 45, 'Packages\\Baccarat\\Models\\Baccarat', 4, 1.00, 2.00, 1, '2020-10-20 18:55:31', '2020-10-20 18:55:31'),
(31, 3, 46, 'Packages\\Baccarat\\Models\\Baccarat', 5, 1.00, 0.00, 1, '2020-10-20 18:55:49', '2020-10-20 18:55:49'),
(32, 3, 47, 'Packages\\Baccarat\\Models\\Baccarat', 6, 1.00, 2.00, 1, '2020-10-20 18:55:55', '2020-10-20 18:55:55'),
(33, 3, 48, 'Packages\\Baccarat\\Models\\Baccarat', 7, 1.00, 0.00, 1, '2020-10-20 18:56:01', '2020-10-20 18:56:01'),
(34, 3, 49, 'Packages\\Baccarat\\Models\\Baccarat', 8, 1.00, 0.00, 1, '2020-10-20 18:56:05', '2020-10-20 18:56:05'),
(35, 3, 50, 'Packages\\Baccarat\\Models\\Baccarat', 9, 1.00, 1.95, 1, '2020-10-20 18:56:13', '2020-10-20 18:56:13'),
(36, 3, 51, 'Packages\\Baccarat\\Models\\Baccarat', 10, 1.00, 1.95, 1, '2020-10-20 18:56:18', '2020-10-20 18:56:18'),
(37, 3, 52, 'Packages\\Baccarat\\Models\\Baccarat', 11, 1.00, 1.95, 1, '2020-10-20 18:56:24', '2020-10-20 18:56:24'),
(38, 3, 53, 'Packages\\Baccarat\\Models\\Baccarat', 12, 1.00, 0.00, 1, '2020-10-20 18:56:28', '2020-10-20 18:56:28'),
(39, 3, 56, 'Packages\\Dice3D\\Models\\Dice3D', 27, 50.00, 50.85, 1, '2020-10-20 20:18:22', '2020-10-20 20:18:22'),
(40, 3, 57, 'Packages\\Dice3D\\Models\\Dice3D', 28, 50.00, 50.85, 1, '2020-10-20 20:18:43', '2020-10-20 20:18:43'),
(41, 3, 58, 'Packages\\Dice3D\\Models\\Dice3D', 29, 50.00, 128.34, 1, '2020-10-20 20:19:31', '2020-10-20 20:19:31'),
(42, 3, 59, 'Packages\\Dice3D\\Models\\Dice3D', 30, 50.00, 128.34, 1, '2020-10-20 20:19:53', '2020-10-20 20:19:53'),
(43, 3, 60, 'Packages\\Dice3D\\Models\\Dice3D', 31, 50.00, 128.34, 1, '2020-10-20 20:20:24', '2020-10-20 20:20:24'),
(44, 3, 61, 'Packages\\Dice3D\\Models\\Dice3D', 32, 50.00, 0.00, 1, '2020-10-20 20:20:44', '2020-10-20 20:20:44'),
(45, 3, 62, 'Packages\\Dice3D\\Models\\Dice3D', 33, 50.00, 128.34, 1, '2020-10-20 20:21:05', '2020-10-20 20:21:05'),
(46, 3, 63, 'Packages\\Dice3D\\Models\\Dice3D', 34, 50.00, 0.00, 1, '2020-10-20 20:21:26', '2020-10-20 20:21:26'),
(47, 3, 64, 'Packages\\Dice3D\\Models\\Dice3D', 35, 50.00, 0.00, 1, '2020-10-20 20:21:45', '2020-10-20 20:21:45'),
(48, 3, 65, 'Packages\\Dice3D\\Models\\Dice3D', 36, 50.00, 128.34, 1, '2020-10-20 20:22:17', '2020-10-20 20:22:17'),
(49, 3, 66, 'Packages\\Dice3D\\Models\\Dice3D', 37, 50.00, 0.00, 1, '2020-10-20 20:28:00', '2020-10-20 20:28:00'),
(50, 3, 67, 'Packages\\Dice3D\\Models\\Dice3D', 38, 38.00, 0.00, 1, '2020-10-20 20:28:33', '2020-10-20 20:28:33'),
(51, 3, 68, 'Packages\\Dice3D\\Models\\Dice3D', 39, 38.00, 0.00, 1, '2020-10-20 20:28:54', '2020-10-20 20:28:54'),
(52, 3, 69, 'Packages\\Dice3D\\Models\\Dice3D', 40, 50.00, 192.54, 1, '2020-10-20 20:29:19', '2020-10-20 20:29:19'),
(53, 3, 70, 'Packages\\Dice3D\\Models\\Dice3D', 41, 50.00, 0.00, 1, '2020-10-20 20:29:49', '2020-10-20 20:29:49'),
(54, 3, 71, 'Packages\\Dice3D\\Models\\Dice3D', 42, 50.00, 192.54, 1, '2020-10-20 20:30:35', '2020-10-20 20:30:35'),
(55, 3, 72, 'Packages\\Dice3D\\Models\\Dice3D', 43, 50.00, 0.00, 1, '2020-10-20 20:30:55', '2020-10-20 20:30:55'),
(56, 3, 73, 'Packages\\Dice3D\\Models\\Dice3D', 44, 50.00, 192.54, 1, '2020-10-20 20:31:14', '2020-10-20 20:31:14'),
(57, 3, 74, 'Packages\\Dice3D\\Models\\Dice3D', 45, 50.00, 0.00, 1, '2020-10-20 20:31:56', '2020-10-20 20:31:56'),
(58, 3, 75, 'Packages\\Dice3D\\Models\\Dice3D', 46, 50.00, 0.00, 1, '2020-10-20 20:32:19', '2020-10-20 20:32:19'),
(59, 3, 76, 'Packages\\Dice3D\\Models\\Dice3D', 47, 50.00, 0.00, 1, '2020-10-20 20:32:34', '2020-10-20 20:32:34'),
(60, 3, 77, 'Packages\\Dice3D\\Models\\Dice3D', 48, 50.00, 0.00, 1, '2020-10-20 20:32:57', '2020-10-20 20:32:57'),
(61, 3, 78, 'Packages\\Dice3D\\Models\\Dice3D', 49, 50.00, 192.54, 1, '2020-10-20 20:33:27', '2020-10-20 20:33:27'),
(62, 3, 79, 'Packages\\Dice3D\\Models\\Dice3D', 50, 50.00, 0.00, 1, '2020-10-20 20:33:44', '2020-10-20 20:33:44'),
(63, 3, 80, 'Packages\\Dice3D\\Models\\Dice3D', 51, 50.00, 0.00, 1, '2020-10-20 20:35:09', '2020-10-20 20:35:09'),
(64, 3, 81, 'Packages\\Dice3D\\Models\\Dice3D', 52, 50.00, 0.00, 1, '2020-10-20 20:35:39', '2020-10-20 20:35:39'),
(65, 3, 82, 'Packages\\Dice3D\\Models\\Dice3D', 53, 50.00, 0.00, 1, '2020-10-20 20:35:55', '2020-10-20 20:35:55'),
(66, 3, 83, 'Packages\\Dice3D\\Models\\Dice3D', 54, 50.00, 99.82, 1, '2020-10-20 20:36:14', '2020-10-20 20:36:14'),
(67, 3, 84, 'Packages\\Dice3D\\Models\\Dice3D', 55, 50.00, 99.82, 1, '2020-10-20 20:36:31', '2020-10-20 20:36:31'),
(68, 3, 85, 'Packages\\Dice3D\\Models\\Dice3D', 56, 50.00, 0.00, 1, '2020-10-20 20:36:48', '2020-10-20 20:36:48'),
(69, 3, 86, 'Packages\\Dice3D\\Models\\Dice3D', 57, 50.00, 0.00, 1, '2020-10-20 20:37:05', '2020-10-20 20:37:05'),
(70, 3, 87, 'Packages\\Dice3D\\Models\\Dice3D', 58, 50.00, 0.00, 1, '2020-10-20 20:37:23', '2020-10-20 20:37:23'),
(71, 3, 88, 'Packages\\Dice3D\\Models\\Dice3D', 59, 50.00, 99.82, 1, '2020-10-20 20:37:43', '2020-10-20 20:37:43'),
(72, 3, 89, 'Packages\\Dice3D\\Models\\Dice3D', 60, 50.00, 0.00, 1, '2020-10-20 20:38:05', '2020-10-20 20:38:05'),
(73, 3, 90, 'Packages\\Dice3D\\Models\\Dice3D', 61, 50.00, 0.00, 1, '2020-10-20 20:38:24', '2020-10-20 20:38:24'),
(74, 3, 91, 'Packages\\Dice3D\\Models\\Dice3D', 62, 50.00, 0.00, 1, '2020-10-20 20:38:41', '2020-10-20 20:38:41'),
(75, 3, 92, 'Packages\\Dice3D\\Models\\Dice3D', 63, 50.00, 99.82, 1, '2020-10-20 20:38:59', '2020-10-20 20:38:59'),
(76, 3, 93, 'Packages\\Dice3D\\Models\\Dice3D', 64, 50.00, 99.82, 1, '2020-10-20 20:39:16', '2020-10-20 20:39:16'),
(77, 3, 94, 'Packages\\Dice3D\\Models\\Dice3D', 65, 50.00, 0.00, 1, '2020-10-20 20:39:34', '2020-10-20 20:39:34');

-- --------------------------------------------------------

--
-- Table structure for table `games_baccarat`
--

CREATE TABLE `games_baccarat` (
  `id` bigint(20) UNSIGNED NOT NULL,
  `deck` varchar(280) COLLATE utf8_unicode_ci NOT NULL,
  `bet_type` tinyint(3) UNSIGNED NOT NULL,
  `player_hand` varchar(30) COLLATE utf8_unicode_ci NOT NULL,
  `player_score` tinyint(3) UNSIGNED NOT NULL,
  `banker_hand` varchar(30) COLLATE utf8_unicode_ci NOT NULL,
  `banker_score` tinyint(3) UNSIGNED NOT NULL,
  `created_at` timestamp NULL DEFAULT NULL,
  `updated_at` timestamp NULL DEFAULT NULL
) ENGINE=InnoDB DEFAULT CHARSET=utf8 COLLATE=utf8_unicode_ci;

--
-- Dumping data for table `games_baccarat`
--

INSERT INTO `games_baccarat` (`id`, `deck`, `bet_type`, `player_hand`, `player_score`, `banker_hand`, `banker_score`, `created_at`, `updated_at`) VALUES
(1, '[\"HK\",\"C7\",\"DQ\",\"D5\",\"S5\",\"CQ\",\"SA\",\"SK\",\"S6\",\"SJ\",\"D7\",\"CT\",\"DK\",\"C9\",\"H5\",\"H3\",\"D9\",\"HA\",\"S2\",\"CA\",\"SQ\",\"ST\",\"HT\",\"CK\",\"H4\",\"S7\",\"C6\",\"S4\",\"S8\",\"S3\",\"D3\",\"D6\",\"S9\",\"C4\",\"C2\",\"C8\",\"DJ\",\"C5\",\"D4\",\"HQ\",\"H2\",\"C3\",\"H9\",\"DA\",\"HJ\",\"H6\",\"CJ\",\"D2\",\"H7\",\"DT\",\"H8\",\"D8\"]', 0, '[\"HK\",\"DQ\",\"S5\"]', 5, '[\"C7\",\"D5\",\"CQ\"]', 2, '2020-10-16 21:11:23', '2020-10-16 21:11:23'),
(2, '[\"D3\",\"D4\",\"D2\",\"DT\",\"D9\",\"D7\",\"D8\",\"SQ\",\"H9\",\"H2\",\"H3\",\"DJ\",\"S4\",\"H8\",\"S3\",\"HJ\",\"D5\",\"HA\",\"S7\",\"DK\",\"SK\",\"C6\",\"C2\",\"CA\",\"ST\",\"CT\",\"HQ\",\"HT\",\"C4\",\"HK\",\"SA\",\"DQ\",\"SJ\",\"S2\",\"S5\",\"C9\",\"S8\",\"CJ\",\"C7\",\"C5\",\"C3\",\"D6\",\"H5\",\"H6\",\"CQ\",\"H7\",\"DA\",\"CK\",\"S9\",\"S6\",\"C8\",\"H4\"]', 0, '[\"D3\",\"D2\",\"D9\"]', 4, '[\"D4\",\"DT\"]', 4, '2020-10-16 21:11:28', '2020-10-16 21:11:28'),
(3, '[\"CJ\",\"D5\",\"S5\",\"C4\",\"H2\",\"S4\",\"SA\",\"C5\",\"HK\",\"DA\",\"CQ\",\"SQ\",\"S7\",\"S3\",\"S8\",\"D7\",\"D8\",\"DQ\",\"H9\",\"H3\",\"DT\",\"D6\",\"HT\",\"HQ\",\"C3\",\"H6\",\"H8\",\"CA\",\"C2\",\"SK\",\"SJ\",\"DK\",\"HA\",\"CK\",\"S2\",\"DJ\",\"H7\",\"D2\",\"C7\",\"H5\",\"D4\",\"C6\",\"CT\",\"H4\",\"D3\",\"C9\",\"S6\",\"S9\",\"HJ\",\"C8\",\"D9\",\"ST\"]', 0, '[\"CJ\",\"S5\",\"H2\"]', 7, '[\"D5\",\"C4\"]', 9, '2020-10-16 21:11:32', '2020-10-16 21:11:32'),
(4, '[\"C2\",\"S6\",\"H5\",\"HQ\",\"SA\",\"S3\",\"C6\",\"H8\",\"S2\",\"H9\",\"D6\",\"DQ\",\"DT\",\"D4\",\"D3\",\"SK\",\"S4\",\"D2\",\"S8\",\"DJ\",\"DK\",\"HT\",\"HA\",\"H6\",\"C3\",\"CT\",\"D5\",\"ST\",\"HJ\",\"HK\",\"C5\",\"CJ\",\"SJ\",\"H7\",\"C7\",\"C9\",\"D7\",\"H4\",\"CQ\",\"C4\",\"SQ\",\"S9\",\"S5\",\"D9\",\"S7\",\"DA\",\"H2\",\"H3\",\"C8\",\"D8\",\"CA\",\"CK\"]', 0, '[\"C2\",\"H5\"]', 7, '[\"S6\",\"HQ\"]', 6, '2020-10-20 18:55:31', '2020-10-20 18:55:31'),
(5, '[\"SQ\",\"C4\",\"C7\",\"DT\",\"C5\",\"CJ\",\"S9\",\"ST\",\"S6\",\"HK\",\"HT\",\"HJ\",\"DQ\",\"HQ\",\"C2\",\"CA\",\"D9\",\"D6\",\"H3\",\"S2\",\"DK\",\"D2\",\"H5\",\"S5\",\"H8\",\"SJ\",\"D3\",\"D4\",\"C3\",\"CK\",\"D5\",\"H6\",\"H9\",\"S3\",\"D7\",\"H4\",\"HA\",\"S4\",\"H2\",\"SA\",\"S8\",\"CQ\",\"C6\",\"C9\",\"CT\",\"S7\",\"H7\",\"C8\",\"SK\",\"D8\",\"DA\",\"DJ\"]', 0, '[\"SQ\",\"C7\"]', 7, '[\"C4\",\"DT\",\"C5\"]', 9, '2020-10-20 18:55:49', '2020-10-20 18:55:49'),
(6, '[\"H8\",\"CA\",\"SQ\",\"HA\",\"S8\",\"CQ\",\"S9\",\"H7\",\"C8\",\"S6\",\"HK\",\"CJ\",\"DJ\",\"S4\",\"D2\",\"D3\",\"C3\",\"C2\",\"D7\",\"DA\",\"C7\",\"SJ\",\"C4\",\"HQ\",\"S3\",\"C5\",\"H5\",\"SK\",\"D9\",\"S2\",\"S5\",\"H2\",\"HJ\",\"CK\",\"H3\",\"D6\",\"H9\",\"HT\",\"SA\",\"D5\",\"C6\",\"H4\",\"C9\",\"D4\",\"S7\",\"CT\",\"DK\",\"D8\",\"H6\",\"ST\",\"DQ\",\"DT\"]', 0, '[\"H8\",\"SQ\"]', 8, '[\"CA\",\"HA\"]', 2, '2020-10-20 18:55:55', '2020-10-20 18:55:55'),
(7, '[\"C2\",\"S7\",\"D2\",\"SQ\",\"HA\",\"H4\",\"H9\",\"DQ\",\"CA\",\"C4\",\"DT\",\"D4\",\"CT\",\"H6\",\"C9\",\"HQ\",\"C6\",\"DA\",\"H3\",\"D7\",\"SK\",\"S6\",\"ST\",\"D6\",\"S5\",\"HK\",\"D5\",\"SA\",\"DJ\",\"S8\",\"S4\",\"CK\",\"HT\",\"C3\",\"H8\",\"C7\",\"DK\",\"S3\",\"S2\",\"D3\",\"CQ\",\"H7\",\"C5\",\"H5\",\"D8\",\"CJ\",\"C8\",\"HJ\",\"S9\",\"SJ\",\"D9\",\"H2\"]', 1, '[\"C2\",\"D2\",\"HA\"]', 5, '[\"S7\",\"SQ\"]', 7, '2020-10-20 18:56:01', '2020-10-20 18:56:01'),
(8, '[\"H2\",\"C6\",\"DK\",\"H7\",\"C7\",\"DQ\",\"D7\",\"D5\",\"D2\",\"D3\",\"CT\",\"SA\",\"S6\",\"S4\",\"D6\",\"C2\",\"C8\",\"D8\",\"DA\",\"C3\",\"D9\",\"C5\",\"S8\",\"D4\",\"CQ\",\"HA\",\"H6\",\"SK\",\"DT\",\"H9\",\"S5\",\"HK\",\"CK\",\"S7\",\"H3\",\"C4\",\"CA\",\"H5\",\"SJ\",\"S2\",\"S9\",\"HQ\",\"S3\",\"C9\",\"ST\",\"HT\",\"DJ\",\"SQ\",\"CJ\",\"H8\",\"H4\",\"HJ\"]', 1, '[\"H2\",\"DK\",\"C7\"]', 9, '[\"C6\",\"H7\",\"DQ\"]', 3, '2020-10-20 18:56:05', '2020-10-20 18:56:05'),
(9, '[\"C5\",\"HK\",\"DA\",\"S9\",\"S4\",\"H9\",\"HJ\",\"S7\",\"D3\",\"C2\",\"D7\",\"C3\",\"C7\",\"SK\",\"H2\",\"D5\",\"H4\",\"C9\",\"CT\",\"D9\",\"CQ\",\"H5\",\"H7\",\"D4\",\"D8\",\"CA\",\"SJ\",\"DT\",\"DK\",\"CK\",\"S8\",\"H8\",\"ST\",\"CJ\",\"D2\",\"C6\",\"DJ\",\"HQ\",\"SA\",\"S3\",\"HA\",\"S2\",\"C8\",\"DQ\",\"S5\",\"HT\",\"SQ\",\"C4\",\"H6\",\"S6\",\"D6\",\"H3\"]', 2, '[\"C5\",\"DA\"]', 6, '[\"HK\",\"S9\"]', 9, '2020-10-20 18:56:13', '2020-10-20 18:56:13'),
(10, '[\"H3\",\"HQ\",\"D8\",\"DK\",\"SQ\",\"C7\",\"C3\",\"CQ\",\"DJ\",\"S3\",\"D6\",\"CA\",\"D7\",\"HJ\",\"SK\",\"S2\",\"HA\",\"S4\",\"H2\",\"S7\",\"H6\",\"C2\",\"SA\",\"S9\",\"ST\",\"DT\",\"DQ\",\"D4\",\"H5\",\"HK\",\"D9\",\"H4\",\"C5\",\"S6\",\"HT\",\"C4\",\"S5\",\"SJ\",\"D2\",\"H7\",\"CK\",\"D5\",\"H8\",\"DA\",\"D3\",\"C8\",\"CT\",\"S8\",\"CJ\",\"C6\",\"H9\",\"C9\"]', 2, '[\"H3\",\"D8\",\"SQ\"]', 1, '[\"HQ\",\"DK\",\"C7\"]', 7, '2020-10-20 18:56:18', '2020-10-20 18:56:18'),
(11, '[\"H6\",\"H7\",\"ST\",\"DQ\",\"S6\",\"S8\",\"C6\",\"C8\",\"HK\",\"SQ\",\"S4\",\"CT\",\"DJ\",\"D9\",\"H2\",\"SK\",\"S3\",\"C7\",\"HT\",\"H8\",\"D8\",\"H5\",\"S9\",\"C9\",\"C2\",\"C4\",\"D4\",\"CJ\",\"D5\",\"C3\",\"HQ\",\"H4\",\"S5\",\"HJ\",\"DT\",\"CQ\",\"D6\",\"SA\",\"HA\",\"SJ\",\"H9\",\"CA\",\"H3\",\"D7\",\"DK\",\"D2\",\"CK\",\"D3\",\"C5\",\"DA\",\"S7\",\"S2\"]', 2, '[\"H6\",\"ST\"]', 6, '[\"H7\",\"DQ\"]', 7, '2020-10-20 18:56:24', '2020-10-20 18:56:24'),
(12, '[\"SK\",\"HA\",\"D2\",\"SJ\",\"DK\",\"HK\",\"HQ\",\"D8\",\"S9\",\"H3\",\"DA\",\"DT\",\"H5\",\"HT\",\"S6\",\"C8\",\"C5\",\"CA\",\"D3\",\"C6\",\"D9\",\"H2\",\"S3\",\"ST\",\"H6\",\"CK\",\"C3\",\"DJ\",\"SA\",\"S2\",\"H4\",\"S4\",\"H9\",\"C7\",\"C2\",\"CJ\",\"CQ\",\"SQ\",\"HJ\",\"H7\",\"DQ\",\"D5\",\"S8\",\"C9\",\"S7\",\"D6\",\"C4\",\"H8\",\"S5\",\"D4\",\"CT\",\"D7\"]', 2, '[\"SK\",\"D2\",\"DK\"]', 2, '[\"HA\",\"SJ\",\"HK\"]', 1, '2020-10-20 18:56:28', '2020-10-20 18:56:28'),
(13, '[\"D6\",\"D4\",\"C5\",\"H4\",\"DK\",\"HT\",\"C3\",\"DQ\",\"H9\",\"D9\",\"H5\",\"S8\",\"S3\",\"C7\",\"HA\",\"C8\",\"S5\",\"H6\",\"ST\",\"D7\",\"C9\",\"CJ\",\"HJ\",\"SQ\",\"HK\",\"H7\",\"D3\",\"DT\",\"D2\",\"D8\",\"S9\",\"C2\",\"DA\",\"HQ\",\"S2\",\"C4\",\"CT\",\"D5\",\"H3\",\"H8\",\"SK\",\"CQ\",\"C6\",\"SA\",\"SJ\",\"CA\",\"DJ\",\"CK\",\"S7\",\"S6\",\"H2\",\"S4\"]', 0, '[\"D6\",\"C5\",\"DK\"]', 1, '[\"D4\",\"H4\"]', 8, '2020-10-21 15:29:52', '2020-10-21 15:29:52'),
(14, '[\"C7\",\"D9\",\"HQ\",\"D8\",\"H2\",\"C9\",\"D5\",\"DK\",\"DJ\",\"CQ\",\"S6\",\"C8\",\"S2\",\"CK\",\"HK\",\"ST\",\"SA\",\"SK\",\"D4\",\"D3\",\"SJ\",\"H6\",\"HT\",\"S3\",\"C5\",\"C4\",\"S9\",\"D7\",\"D2\",\"H5\",\"CT\",\"S4\",\"C3\",\"H3\",\"S5\",\"C2\",\"D6\",\"SQ\",\"S8\",\"H7\",\"H9\",\"CA\",\"DT\",\"H4\",\"S7\",\"C6\",\"HJ\",\"H8\",\"HA\",\"CJ\",\"DQ\",\"DA\"]', 0, '[\"C7\",\"HQ\"]', 7, '[\"D9\",\"D8\"]', 7, '2020-10-21 15:30:07', '2020-10-21 15:30:07'),
(15, '[\"D7\",\"DT\",\"H5\",\"D8\",\"SA\",\"H9\",\"S7\",\"C8\",\"S6\",\"D2\",\"HT\",\"S2\",\"D3\",\"C7\",\"C4\",\"SQ\",\"HA\",\"SK\",\"D5\",\"S3\",\"CT\",\"HJ\",\"HK\",\"H8\",\"DJ\",\"HQ\",\"H2\",\"H6\",\"C2\",\"C9\",\"C3\",\"S5\",\"DA\",\"D9\",\"C6\",\"DK\",\"H4\",\"H3\",\"CQ\",\"CJ\",\"CK\",\"DQ\",\"H7\",\"CA\",\"SJ\",\"D4\",\"C5\",\"S4\",\"ST\",\"S9\",\"D6\",\"S8\"]', 2, '[\"D7\",\"H5\",\"SA\"]', 3, '[\"DT\",\"D8\"]', 8, '2020-10-21 15:30:30', '2020-10-21 15:30:30'),
(16, '[\"H7\",\"CA\",\"S2\",\"ST\",\"S6\",\"SQ\",\"S8\",\"DA\",\"D7\",\"C7\",\"SJ\",\"D4\",\"CQ\",\"S3\",\"H8\",\"DJ\",\"DK\",\"DT\",\"C9\",\"S7\",\"C6\",\"CK\",\"HK\",\"C8\",\"C3\",\"HQ\",\"D3\",\"DQ\",\"SA\",\"SK\",\"S9\",\"H4\",\"D2\",\"S4\",\"S5\",\"HA\",\"C4\",\"D5\",\"CT\",\"D8\",\"C5\",\"CJ\",\"D6\",\"HT\",\"C2\",\"H6\",\"H5\",\"H3\",\"D9\",\"H9\",\"H2\",\"HJ\"]', 2, '[\"H7\",\"S2\"]', 9, '[\"CA\",\"ST\"]', 1, '2020-10-21 15:30:46', '2020-10-21 15:30:46');

-- --------------------------------------------------------

--
-- Table structure for table `games_dice_3d`
--

CREATE TABLE `games_dice_3d` (
  `id` bigint(20) UNSIGNED NOT NULL,
  `direction` tinyint(4) DEFAULT NULL,
  `win_chance` decimal(5,2) DEFAULT NULL,
  `payout` decimal(10,4) DEFAULT NULL,
  `ref_number` int(10) UNSIGNED DEFAULT NULL,
  `roll` int(10) UNSIGNED DEFAULT NULL,
  `created_at` timestamp NULL DEFAULT NULL,
  `updated_at` timestamp NULL DEFAULT NULL
) ENGINE=InnoDB DEFAULT CHARSET=utf8 COLLATE=utf8_unicode_ci;

--
-- Dumping data for table `games_dice_3d`
--

INSERT INTO `games_dice_3d` (`id`, `direction`, `win_chance`, `payout`, `ref_number`, `roll`, `created_at`, `updated_at`) VALUES
(1, -1, 49.09, 1.9963, 33, 30, '2020-10-16 21:12:33', '2020-10-16 21:12:33'),
(2, -1, 49.09, 1.9963, 33, 21, '2020-10-16 21:12:43', '2020-10-16 21:12:43'),
(3, -1, 49.09, 1.9963, 33, 7, '2020-10-16 21:12:51', '2020-10-16 21:12:51'),
(4, 1, 50.91, 1.9250, 33, 54, '2020-10-16 21:13:04', '2020-10-16 21:13:04'),
(5, -1, 49.09, 1.9963, 33, 12, '2020-10-16 22:28:12', '2020-10-16 22:28:12'),
(6, -1, 49.09, 1.9963, 33, 17, '2020-10-16 22:28:20', '2020-10-16 22:28:20'),
(7, -1, 49.09, 1.9963, 33, 25, '2020-10-16 22:28:29', '2020-10-16 22:28:29'),
(8, -1, 49.09, 1.9963, 33, 34, '2020-10-16 22:28:43', '2020-10-16 22:28:43'),
(9, -1, 49.09, 1.9963, 33, 30, '2020-10-16 22:28:54', '2020-10-16 22:28:54'),
(10, -1, 49.09, 1.9963, 33, 43, '2020-10-16 22:29:04', '2020-10-16 22:29:04'),
(11, -1, 49.09, 1.9963, 33, 8, '2020-10-16 22:37:15', '2020-10-16 22:37:15'),
(12, -1, 49.09, 1.9963, 33, 25, '2020-10-16 22:37:37', '2020-10-16 22:37:37'),
(13, -1, 49.09, 1.9963, 33, 60, '2020-10-16 23:14:22', '2020-10-16 23:14:22'),
(14, -1, 60.00, 1.6333, 39, 6, '2020-10-16 23:14:40', '2020-10-16 23:14:40'),
(15, -1, 49.09, 1.9963, 33, 11, '2020-10-17 00:40:33', '2020-10-17 00:40:33'),
(16, -1, 49.09, 1.9963, 33, 43, '2020-10-17 05:48:28', '2020-10-17 05:48:28'),
(17, -1, 5.45, 17.9817, 9, 60, '2020-10-17 05:48:35', '2020-10-17 05:48:35'),
(18, -1, 98.18, 0.9982, 60, 32, '2020-10-17 05:48:46', '2020-10-17 05:48:46'),
(19, -1, 98.18, 0.9982, 60, 47, '2020-10-17 05:49:02', '2020-10-17 05:49:02'),
(20, -1, 98.18, 0.9982, 60, 33, '2020-10-17 05:49:09', '2020-10-17 05:49:09'),
(21, -1, 1.82, 53.8462, 7, 21, '2020-10-17 05:49:21', '2020-10-17 05:49:21'),
(22, -1, 49.09, 1.9963, 33, 53, '2020-10-20 18:51:49', '2020-10-20 18:51:49'),
(23, -1, 69.09, 1.4184, 44, 43, '2020-10-20 18:52:16', '2020-10-20 18:52:16'),
(24, -1, 69.09, 1.4184, 44, 36, '2020-10-20 18:53:55', '2020-10-20 18:53:55'),
(25, -1, 69.09, 1.4184, 44, 40, '2020-10-20 18:54:21', '2020-10-20 18:54:21'),
(26, -1, 69.09, 1.4184, 44, 39, '2020-10-20 18:54:47', '2020-10-20 18:54:47'),
(27, -1, 96.36, 1.0170, 59, 7, '2020-10-20 20:18:22', '2020-10-20 20:18:22'),
(28, -1, 96.36, 1.0170, 59, 11, '2020-10-20 20:18:43', '2020-10-20 20:18:43'),
(29, -1, 38.18, 2.5668, 27, 22, '2020-10-20 20:19:31', '2020-10-20 20:19:31'),
(30, -1, 38.18, 2.5668, 27, 9, '2020-10-20 20:19:53', '2020-10-20 20:19:53'),
(31, -1, 38.18, 2.5668, 27, 9, '2020-10-20 20:20:24', '2020-10-20 20:20:24'),
(32, -1, 38.18, 2.5668, 27, 37, '2020-10-20 20:20:44', '2020-10-20 20:20:44'),
(33, -1, 38.18, 2.5668, 27, 12, '2020-10-20 20:21:05', '2020-10-20 20:21:05'),
(34, -1, 38.18, 2.5668, 27, 46, '2020-10-20 20:21:26', '2020-10-20 20:21:26'),
(35, -1, 38.18, 2.5668, 27, 56, '2020-10-20 20:21:45', '2020-10-20 20:21:45'),
(36, -1, 38.18, 2.5668, 27, 18, '2020-10-20 20:22:17', '2020-10-20 20:22:17'),
(37, -1, 38.18, 2.5668, 27, 41, '2020-10-20 20:28:00', '2020-10-20 20:28:00'),
(38, -1, 25.45, 3.8507, 20, 53, '2020-10-20 20:28:33', '2020-10-20 20:28:33'),
(39, -1, 25.45, 3.8507, 20, 38, '2020-10-20 20:28:54', '2020-10-20 20:28:54'),
(40, -1, 25.45, 3.8507, 20, 19, '2020-10-20 20:29:19', '2020-10-20 20:29:19'),
(41, -1, 25.45, 3.8507, 20, 60, '2020-10-20 20:29:49', '2020-10-20 20:29:49'),
(42, -1, 25.45, 3.8507, 20, 8, '2020-10-20 20:30:35', '2020-10-20 20:30:35'),
(43, -1, 25.45, 3.8507, 20, 29, '2020-10-20 20:30:55', '2020-10-20 20:30:55'),
(44, -1, 25.45, 3.8507, 20, 19, '2020-10-20 20:31:14', '2020-10-20 20:31:14'),
(45, -1, 25.45, 3.8507, 20, 36, '2020-10-20 20:31:56', '2020-10-20 20:31:56'),
(46, -1, 25.45, 3.8507, 20, 38, '2020-10-20 20:32:19', '2020-10-20 20:32:19'),
(47, -1, 25.45, 3.8507, 20, 54, '2020-10-20 20:32:34', '2020-10-20 20:32:34'),
(48, -1, 25.45, 3.8507, 20, 55, '2020-10-20 20:32:57', '2020-10-20 20:32:57'),
(49, -1, 25.45, 3.8507, 20, 17, '2020-10-20 20:33:27', '2020-10-20 20:33:27'),
(50, -1, 25.45, 3.8507, 20, 31, '2020-10-20 20:33:44', '2020-10-20 20:33:44'),
(51, -1, 25.45, 3.8507, 20, 37, '2020-10-20 20:35:08', '2020-10-20 20:35:08'),
(52, -1, 49.09, 1.9963, 33, 57, '2020-10-20 20:35:39', '2020-10-20 20:35:39'),
(53, -1, 49.09, 1.9963, 33, 44, '2020-10-20 20:35:55', '2020-10-20 20:35:55'),
(54, -1, 49.09, 1.9963, 33, 23, '2020-10-20 20:36:14', '2020-10-20 20:36:14'),
(55, -1, 49.09, 1.9963, 33, 20, '2020-10-20 20:36:31', '2020-10-20 20:36:31'),
(56, -1, 49.09, 1.9963, 33, 57, '2020-10-20 20:36:48', '2020-10-20 20:36:48'),
(57, -1, 49.09, 1.9963, 33, 35, '2020-10-20 20:37:05', '2020-10-20 20:37:05'),
(58, -1, 49.09, 1.9963, 33, 36, '2020-10-20 20:37:23', '2020-10-20 20:37:23'),
(59, -1, 49.09, 1.9963, 33, 17, '2020-10-20 20:37:43', '2020-10-20 20:37:43'),
(60, -1, 49.09, 1.9963, 33, 54, '2020-10-20 20:38:05', '2020-10-20 20:38:05'),
(61, -1, 49.09, 1.9963, 33, 57, '2020-10-20 20:38:24', '2020-10-20 20:38:24'),
(62, -1, 49.09, 1.9963, 33, 46, '2020-10-20 20:38:41', '2020-10-20 20:38:41'),
(63, -1, 49.09, 1.9963, 33, 23, '2020-10-20 20:38:59', '2020-10-20 20:38:59'),
(64, -1, 49.09, 1.9963, 33, 11, '2020-10-20 20:39:16', '2020-10-20 20:39:16'),
(65, -1, 49.09, 1.9963, 33, 55, '2020-10-20 20:39:34', '2020-10-20 20:39:34'),
(66, -1, 67.27, 1.4568, 43, 42, '2020-10-21 15:31:12', '2020-10-21 15:31:12'),
(67, -1, 67.27, 1.4568, 43, 23, '2020-10-21 15:31:22', '2020-10-21 15:31:22'),
(68, -1, 40.00, 2.4500, 28, 15, '2020-10-21 15:31:37', '2020-10-21 15:31:37'),
(69, -1, 85.45, 1.1469, 53, 17, '2020-10-21 15:31:54', '2020-10-21 15:31:54');

-- --------------------------------------------------------

--
-- Table structure for table `game_rooms`
--

CREATE TABLE `game_rooms` (
  `id` bigint(20) UNSIGNED NOT NULL,
  `user_id` bigint(20) UNSIGNED NOT NULL,
  `name` varchar(50) COLLATE utf8_unicode_ci NOT NULL,
  `gameable_type` varchar(255) COLLATE utf8_unicode_ci NOT NULL,
  `status` tinyint(3) UNSIGNED NOT NULL,
  `parameters` text COLLATE utf8_unicode_ci NOT NULL,
  `created_at` timestamp NULL DEFAULT NULL,
  `updated_at` timestamp NULL DEFAULT NULL
) ENGINE=InnoDB DEFAULT CHARSET=utf8 COLLATE=utf8_unicode_ci;

-- --------------------------------------------------------

--
-- Table structure for table `game_room_players`
--

CREATE TABLE `game_room_players` (
  `id` bigint(20) UNSIGNED NOT NULL,
  `game_room_id` bigint(20) UNSIGNED NOT NULL,
  `user_id` bigint(20) UNSIGNED NOT NULL,
  `game_id` bigint(20) UNSIGNED DEFAULT NULL,
  `created_at` timestamp NULL DEFAULT NULL,
  `updated_at` timestamp NULL DEFAULT NULL
) ENGINE=InnoDB DEFAULT CHARSET=utf8 COLLATE=utf8_unicode_ci;

-- --------------------------------------------------------

--
-- Table structure for table `generic_account_transactions`
--

CREATE TABLE `generic_account_transactions` (
  `id` bigint(20) UNSIGNED NOT NULL,
  `account_id` bigint(20) UNSIGNED NOT NULL,
  `type` mediumint(8) UNSIGNED NOT NULL,
  `amount` decimal(20,2) NOT NULL,
  `created_at` timestamp NULL DEFAULT NULL,
  `updated_at` timestamp NULL DEFAULT NULL
) ENGINE=InnoDB DEFAULT CHARSET=utf8 COLLATE=utf8_unicode_ci;

--
-- Dumping data for table `generic_account_transactions`
--

INSERT INTO `generic_account_transactions` (`id`, `account_id`, `type`, `amount`, `created_at`, `updated_at`) VALUES
(1, 1, 2, 11111.00, '2020-10-16 21:11:16', '2020-10-16 21:11:16');

-- --------------------------------------------------------

--
-- Table structure for table `migrations`
--

CREATE TABLE `migrations` (
  `id` int(10) UNSIGNED NOT NULL,
  `migration` varchar(255) COLLATE utf8_unicode_ci NOT NULL,
  `batch` int(11) NOT NULL
) ENGINE=InnoDB DEFAULT CHARSET=utf8 COLLATE=utf8_unicode_ci;

--
-- Dumping data for table `migrations`
--

INSERT INTO `migrations` (`id`, `migration`, `batch`) VALUES
(1, '2014_10_12_000000_create_users_table', 1),
(2, '2014_10_12_100000_create_password_resets_table', 1),
(3, '2019_10_03_100000_create_social_profiles_table', 1),
(4, '2019_11_01_000000_create_accounts_table', 1),
(5, '2019_11_01_000001_create_account_transactions_table', 1),
(6, '2019_11_01_000002_create_generic_account_transactions_table', 1),
(7, '2019_11_02_000000_create_provably_fair_games_table', 1),
(8, '2019_11_02_000001_create_games_table', 1),
(9, '2019_11_03_000000_create_games_baccarat_table', 1),
(10, '2019_12_01_000000_create_bonuses_table', 1),
(11, '2020_01_01_000000_create_affiliate_commissions_table', 1),
(12, '2020_01_20_000000_create_chat_rooms_table', 1),
(13, '2020_01_20_000010_create_chat_messages_table', 1),
(14, '2020_01_20_000020_create_chat_message_recipients', 1),
(15, '2020_01_22_063133_alter_users_table_add_banned_from_chat', 1),
(16, '2020_04_20_000001_create_game_rooms_table', 1),
(17, '2020_04_20_000010_create_game_room_players_table', 1),
(18, '2020_06_24_064200_alter_users_table_add_hide_profit', 1),
(19, '2020_03_15_000000_create_games_dice_3d_table', 2);

-- --------------------------------------------------------

--
-- Table structure for table `password_resets`
--

CREATE TABLE `password_resets` (
  `email` varchar(255) COLLATE utf8_unicode_ci NOT NULL,
  `token` varchar(255) COLLATE utf8_unicode_ci NOT NULL,
  `created_at` timestamp NULL DEFAULT NULL
) ENGINE=InnoDB DEFAULT CHARSET=utf8 COLLATE=utf8_unicode_ci;

-- --------------------------------------------------------

--
-- Table structure for table `provably_fair_games`
--

CREATE TABLE `provably_fair_games` (
  `id` bigint(20) UNSIGNED NOT NULL,
  `secret` varchar(500) COLLATE utf8_unicode_ci NOT NULL,
  `server_seed` varchar(32) COLLATE utf8_unicode_ci NOT NULL,
  `hash` varchar(64) COLLATE utf8_unicode_ci NOT NULL,
  `client_seed` varchar(32) COLLATE utf8_unicode_ci NOT NULL,
  `gameable_type` varchar(255) COLLATE utf8_unicode_ci NOT NULL,
  `created_at` timestamp NULL DEFAULT NULL,
  `updated_at` timestamp NULL DEFAULT NULL
) ENGINE=InnoDB DEFAULT CHARSET=utf8 COLLATE=utf8_unicode_ci;

--
-- Dumping data for table `provably_fair_games`
--

INSERT INTO `provably_fair_games` (`id`, `secret`, `server_seed`, `hash`, `client_seed`, `gameable_type`, `created_at`, `updated_at`) VALUES
(2, 'D2,H7,DT,H8,D8,HK,C7,DQ,D5,S5,CQ,SA,SK,S6,SJ,D7,CT,DK,C9,H5,H3,D9,HA,S2,CA,SQ,ST,HT,CK,H4,S7,C6,S4,S8,S3,D3,D6,S9,C4,C2,C8,DJ,C5,D4,HQ,H2,C3,H9,DA,HJ,H6,CJ', 'lReWcwh9lM4ZwtaL', '2e3ad93940e469e6cf54c4a1176ed339853d395b65df16d23bed8207f063b78e', '63122600', 'Packages\\Baccarat\\Models\\Baccarat', '2020-10-16 21:11:20', '2020-10-16 21:11:20'),
(3, 'HJ,D5,HA,S7,DK,SK,C6,C2,CA,ST,CT,HQ,HT,C4,HK,SA,DQ,SJ,S2,S5,C9,S8,CJ,C7,C5,C3,D6,H5,H6,CQ,H7,DA,CK,S9,S6,C8,H4,D3,D4,D2,DT,D9,D7,D8,SQ,H9,H2,H3,DJ,S4,H8,S3', 'BffTHCW3oG2pYFcx', '2e15c6b0329ef47e1e4166a4d1fe6d05ff0e3639d15f8a794ecad48c10b235cc', '63122600', 'Packages\\Baccarat\\Models\\Baccarat', '2020-10-16 21:11:23', '2020-10-16 21:11:23'),
(4, 'S3,S8,D7,D8,DQ,H9,H3,DT,D6,HT,HQ,C3,H6,H8,CA,C2,SK,SJ,DK,HA,CK,S2,DJ,H7,D2,C7,H5,D4,C6,CT,H4,D3,C9,S6,S9,HJ,C8,D9,ST,CJ,D5,S5,C4,H2,S4,SA,C5,HK,DA,CQ,SQ,S7', '2NkfeZ0hBBobKApz', 'f59cf9e6a357f2ba36c143d7f7e6a82f046e06b74f29d63a4915297337fda325', '63122600', 'Packages\\Baccarat\\Models\\Baccarat', '2020-10-16 21:11:28', '2020-10-16 21:11:28'),
(6, '24', 'GghDD1ofR1RbslRg', 'ab35f2b6f930d680f46bb892c9eb68a802c9f885f7b300eb34f4c2fbc5501184', '92292262', 'Packages\\Dice3D\\Models\\Dice3D', '2020-10-16 21:12:29', '2020-10-16 21:12:29'),
(7, '17', 'rQikqJUsgg3RYDXH', 'b7850093106135da85d9e54c2029f171dbff5b4f09402ea3f3a69c9dcf8da43b', '92292262', 'Packages\\Dice3D\\Models\\Dice3D', '2020-10-16 21:12:33', '2020-10-16 21:12:33'),
(8, '51', 'fvDE44wrLCqAtWpT', '992d0f877d01ad4745a1381e3fb4089b399ec3d909870c68bc209aa9e9357055', '92292262', 'Packages\\Dice3D\\Models\\Dice3D', '2020-10-16 21:12:43', '2020-10-16 21:12:43'),
(9, '47', 'WkwmW2PKchopEddJ', 'f5371b5582a5c122364bc865713c19d6514138b1fa75f1fdf44507a2cbd45950', '92292262', 'Packages\\Dice3D\\Models\\Dice3D', '2020-10-16 21:12:51', '2020-10-16 21:12:51'),
(13, '20', 'j7BbjS7qY94UKIIB', 'a1b3525910dd4060efc9218c807f3f258a4dab5269d9bc6a1035b971240d1bf8', '75728205', 'Packages\\Dice3D\\Models\\Dice3D', '2020-10-16 22:28:09', '2020-10-16 22:28:09'),
(14, '15', 'DnSIQH5cB6Z2NFWj', '1e1815d799c3b11ee7360cea2e8609723f0ceb8eade2813cbbab47de93180ed3', '75728205', 'Packages\\Dice3D\\Models\\Dice3D', '2020-10-16 22:28:12', '2020-10-16 22:28:12'),
(15, '25', 'tdkFxVpBIGtS8VUv', '5df172da92f957f596ff2af8aabb5722abfdcbead16990ddd728e8fad992330f', '75728205', 'Packages\\Dice3D\\Models\\Dice3D', '2020-10-16 22:28:20', '2020-10-16 22:28:20'),
(16, '56', 'bam6MwE53Mj9hwHi', '2bd8661ac8a333d4604b597cf974c4e5dbf84f590c112bf346b6e95149c352fa', '75728205', 'Packages\\Dice3D\\Models\\Dice3D', '2020-10-16 22:28:29', '2020-10-16 22:28:29'),
(17, '19', 'NYXDFhIvgBO9P17u', 'e7d63bb29b7b8d1a9dde8a9967c74c776596674c5f89450c14ff66bbd7925eec', '75728205', 'Packages\\Dice3D\\Models\\Dice3D', '2020-10-16 22:28:43', '2020-10-16 22:28:43'),
(18, '20', 'HX0Kfh3n1ELOTN5X', '71db3e78596fdef172eae1b069e37127080004c66b70a10b4cf7625539487c56', '75728205', 'Packages\\Dice3D\\Models\\Dice3D', '2020-10-16 22:28:54', '2020-10-16 22:28:54'),
(20, '11', '2Jq3CNvYXui1hKg6', '9435941a95b61f26ae306a3c2cba635472d7e3f352f0e45363b3c1a7fad2aa21', '79525568', 'Packages\\Dice3D\\Models\\Dice3D', '2020-10-16 22:37:13', '2020-10-16 22:37:13'),
(22, '17', 'ZLVYNEhrr5DmeU8K', 'e657e6f22284c1359d066b61b085de64637ca3554a600ba091ae9c8b56f5de16', '97194740', 'Packages\\Dice3D\\Models\\Dice3D', '2020-10-16 22:37:35', '2020-10-16 22:37:35'),
(25, '18', 'B3BG2k9OhnnR74UP', '1ebf89a5783bf004476f2f6ce291f6e460e4b0a8e49843dc9648f2beb1ed30a7', '40313265', 'Packages\\Dice3D\\Models\\Dice3D', '2020-10-16 23:14:04', '2020-10-16 23:14:04'),
(26, '26', 'O8LHqwugD151K4Pb', '82fa46dbf40b62c8ee06684db12a44ccda46186d02f503f2e99e0627f5972869', '40313265', 'Packages\\Dice3D\\Models\\Dice3D', '2020-10-16 23:14:22', '2020-10-16 23:14:22'),
(28, '8', 'xPoAr50MAR7CQPEu', '0abc63c14b19b99ba46b125882a3ea127615ebba99b485facbff27e15a40899b', '9909262', 'Packages\\Dice3D\\Models\\Dice3D', '2020-10-17 00:40:11', '2020-10-17 00:40:11'),
(30, '18', '8zJI0FzGB1Rx3Coy', '6e6247060cbdef31947cde1b068e7d7ab6593800c2c5ef6b51dfb23f0ad2fb62', '46430691', 'Packages\\Dice3D\\Models\\Dice3D', '2020-10-17 05:48:25', '2020-10-17 05:48:25'),
(31, '50', 'PmPye9FnVEU0Kqnr', '45c397f2919f7de20837261a64570d64f535e6ce8a4e89a96ec6affef4e23b36', '46430691', 'Packages\\Dice3D\\Models\\Dice3D', '2020-10-17 05:48:28', '2020-10-17 05:48:28'),
(32, '13', '8CcvQh2EJtKWzNbo', 'd541990651ab8ed360bc5e90d63c433e95998ad8963859bb3095444ff3ea6527', '46430691', 'Packages\\Dice3D\\Models\\Dice3D', '2020-10-17 05:48:35', '2020-10-17 05:48:35'),
(33, '9', 'XvJWPdSEmlbAgRCx', '9610649c7d0cefd7957f397a25682f67760e2d02287d72fba205bb1c737b67ee', '46430691', 'Packages\\Dice3D\\Models\\Dice3D', '2020-10-17 05:48:46', '2020-10-17 05:48:46'),
(34, '39', 'qqkRJF698NQf3ZgF', '3d3b6776a35e183dade17c698819a8455f521959e2c12564340de7864455826f', '46430691', 'Packages\\Dice3D\\Models\\Dice3D', '2020-10-17 05:49:02', '2020-10-17 05:49:02'),
(35, '9', 'ZKvyidIXe09OpT6Q', '50bc68c4fbcd8a0c3fa6caa047d1be3ab6c09f119faa55827bbceadb9efc7fcb', '46430691', 'Packages\\Dice3D\\Models\\Dice3D', '2020-10-17 05:49:09', '2020-10-17 05:49:09'),
(39, '28', 'iLrthSJSyT40N5Sp', '08cb554392c4d3763849268609afb345e06a2a4b19e216357b4eb90bb8fbcfe9', '10111095', 'Packages\\Dice3D\\Models\\Dice3D', '2020-10-20 18:51:21', '2020-10-20 18:51:21'),
(40, '19', '9G30gr7zQKq5FaNk', '16f750d9b3d0c9e1e2800a7713eb4078d989cf356e43fb97de6866a6fe3ccf98', '10111095', 'Packages\\Dice3D\\Models\\Dice3D', '2020-10-20 18:51:50', '2020-10-20 18:51:50'),
(41, '27', 'ad1gzBn20AToAG2D', '54e19e62953cb38f372fb28dda7c28017602463b00ce597d7b9d2297be1a7fe6', '10111095', 'Packages\\Dice3D\\Models\\Dice3D', '2020-10-20 18:52:16', '2020-10-20 18:52:16'),
(42, '43', 'LSoex34ytsU4XPzd', 'e78ba4577009acc29f9eb279aa61c07ec56afeb67bd173d4ec2decb8c850af95', '10111095', 'Packages\\Dice3D\\Models\\Dice3D', '2020-10-20 18:53:55', '2020-10-20 18:53:55'),
(43, '6', 'otKO3wFUwKL4cE70', 'e477915a9cc51c32b7dfad1b606726127fe88f8c06f60fcc44ef0508089c84a9', '10111095', 'Packages\\Dice3D\\Models\\Dice3D', '2020-10-20 18:54:21', '2020-10-20 18:54:21'),
(45, 'S8,DJ,DK,HT,HA,H6,C3,CT,D5,ST,HJ,HK,C5,CJ,SJ,H7,C7,C9,D7,H4,CQ,C4,SQ,S9,S5,D9,S7,DA,H2,H3,C8,D8,CA,CK,C2,S6,H5,HQ,SA,S3,C6,H8,S2,H9,D6,DQ,DT,D4,D3,SK,S4,D2', 'k4pKGZtGApjhXCWJ', '5cb20ac2c6e708b370c16ebf2627d84e4b23f8df177410823c5c95fb15aff652', '28735493', 'Packages\\Baccarat\\Models\\Baccarat', '2020-10-20 18:55:17', '2020-10-20 18:55:17'),
(46, 'C6,C9,CT,S7,H7,C8,SK,D8,DA,DJ,SQ,C4,C7,DT,C5,CJ,S9,ST,S6,HK,HT,HJ,DQ,HQ,C2,CA,D9,D6,H3,S2,DK,D2,H5,S5,H8,SJ,D3,D4,C3,CK,D5,H6,H9,S3,D7,H4,HA,S4,H2,SA,S8,CQ', 'TF7xRpIQZt2aZGkk', 'ef6ce51529958e2da24f32b404529c94705c1cc8bf13274597b9df89d6aae9d6', '28735493', 'Packages\\Baccarat\\Models\\Baccarat', '2020-10-20 18:55:31', '2020-10-20 18:55:31'),
(47, 'SK,D9,S2,S5,H2,HJ,CK,H3,D6,H9,HT,SA,D5,C6,H4,C9,D4,S7,CT,DK,D8,H6,ST,DQ,DT,H8,CA,SQ,HA,S8,CQ,S9,H7,C8,S6,HK,CJ,DJ,S4,D2,D3,C3,C2,D7,DA,C7,SJ,C4,HQ,S3,C5,H5', 'OJ6pXVQTZiU0wLOb', '75563f2253d1595682e46ae3aba6f13f56d19a9204770fff8a0480625d3e5bfd', '28735493', 'Packages\\Baccarat\\Models\\Baccarat', '2020-10-20 18:55:49', '2020-10-20 18:55:49'),
(48, 'S6,ST,D6,S5,HK,D5,SA,DJ,S8,S4,CK,HT,C3,H8,C7,DK,S3,S2,D3,CQ,H7,C5,H5,D8,CJ,C8,HJ,S9,SJ,D9,H2,C2,S7,D2,SQ,HA,H4,H9,DQ,CA,C4,DT,D4,CT,H6,C9,HQ,C6,DA,H3,D7,SK', 'HesphxKsKzCxMdKj', '844ba641e1860ce94dba3e4f8d6671efe105e86647e3288ef34345870e0df52f', '28735493', 'Packages\\Baccarat\\Models\\Baccarat', '2020-10-20 18:55:55', '2020-10-20 18:55:55'),
(49, 'CT,SA,S6,S4,D6,C2,C8,D8,DA,C3,D9,C5,S8,D4,CQ,HA,H6,SK,DT,H9,S5,HK,CK,S7,H3,C4,CA,H5,SJ,S2,S9,HQ,S3,C9,ST,HT,DJ,SQ,CJ,H8,H4,HJ,H2,C6,DK,H7,C7,DQ,D7,D5,D2,D3', 'p3qLsuZNZW7Q4uew', '45843f052c6c5a18a4eddc67d40125d645c72c627ecd8e8d0be2035435190443', '28735493', 'Packages\\Baccarat\\Models\\Baccarat', '2020-10-20 18:56:01', '2020-10-20 18:56:01'),
(50, 'CQ,H5,H7,D4,D8,CA,SJ,DT,DK,CK,S8,H8,ST,CJ,D2,C6,DJ,HQ,SA,S3,HA,S2,C8,DQ,S5,HT,SQ,C4,H6,S6,D6,H3,C5,HK,DA,S9,S4,H9,HJ,S7,D3,C2,D7,C3,C7,SK,H2,D5,H4,C9,CT,D9', '7flGSVAm4URFUPYt', '60be2ed5b3ad762eb7c1d51a8c5f6b5c9f56cf64dd8d9c8401c435ff11888833', '28735493', 'Packages\\Baccarat\\Models\\Baccarat', '2020-10-20 18:56:05', '2020-10-20 18:56:05'),
(51, 'SK,S2,HA,S4,H2,S7,H6,C2,SA,S9,ST,DT,DQ,D4,H5,HK,D9,H4,C5,S6,HT,C4,S5,SJ,D2,H7,CK,D5,H8,DA,D3,C8,CT,S8,CJ,C6,H9,C9,H3,HQ,D8,DK,SQ,C7,C3,CQ,DJ,S3,D6,CA,D7,HJ', 'tNwAU5qAFxAIAmJN', '87f71a0d93420fac1fe44c9801bfed7250505ebb3821606bf1557d0438ac16cb', '28735493', 'Packages\\Baccarat\\Models\\Baccarat', '2020-10-20 18:56:13', '2020-10-20 18:56:13'),
(52, 'DT,CQ,D6,SA,HA,SJ,H9,CA,H3,D7,DK,D2,CK,D3,C5,DA,S7,S2,H6,H7,ST,DQ,S6,S8,C6,C8,HK,SQ,S4,CT,DJ,D9,H2,SK,S3,C7,HT,H8,D8,H5,S9,C9,C2,C4,D4,CJ,D5,C3,HQ,H4,S5,HJ', 'RieJz4Ucv598eFYn', 'a505654a23b5c7ac4d2dbd96f8e39370d698ce443cf96a4518e59184a971e3f7', '28735493', 'Packages\\Baccarat\\Models\\Baccarat', '2020-10-20 18:56:18', '2020-10-20 18:56:18'),
(53, 'CT,D7,SK,HA,D2,SJ,DK,HK,HQ,D8,S9,H3,DA,DT,H5,HT,S6,C8,C5,CA,D3,C6,D9,H2,S3,ST,H6,CK,C3,DJ,SA,S2,H4,S4,H9,C7,C2,CJ,CQ,SQ,HJ,H7,DQ,D5,S8,C9,S7,D6,C4,H8,S5,D4', 'PWf7r9VykKA5C4Mr', 'f736533b43e95e92b20e7181202f0dac505fd32b78f2e1b7171f19bd2fdc31e3', '28735493', 'Packages\\Baccarat\\Models\\Baccarat', '2020-10-20 18:56:24', '2020-10-20 18:56:24'),
(56, '52', '2ZSI8vahNzTfqTGR', '684fd62f338cf9cc41658d72d29167617470b7e4d91a9cfb86d54d00d21ebd8e', '75983661', 'Packages\\Dice3D\\Models\\Dice3D', '2020-10-20 20:15:54', '2020-10-20 20:15:54'),
(57, '60', '2epGJ5tEocKvG8Xz', 'a9f742b8f7a0c8c1b344cfbf2e84a3a5faeb9212eccd3b7442c122732a704b13', '75983661', 'Packages\\Dice3D\\Models\\Dice3D', '2020-10-20 20:18:22', '2020-10-20 20:18:22'),
(58, '53', 'KMy7VPXXqHUOjaNU', 'cb0f8dfeb4cc34e619cf78a637006c880450f9d0ca56efb4bee6ebb09ea7afbc', '75983661', 'Packages\\Dice3D\\Models\\Dice3D', '2020-10-20 20:18:43', '2020-10-20 20:18:43'),
(59, '30', '4T5VSwY4cGIvz7Oo', 'b3cb08fcc2e0f0d5663f4f8ab11e44906a42e87890917e29d7015f4a14bf0e64', '75983661', 'Packages\\Dice3D\\Models\\Dice3D', '2020-10-20 20:19:31', '2020-10-20 20:19:31'),
(60, '45', 't11AvCNybiIlWWLU', 'da9364989712ea56a36bb0b6d944a7c6f00fff411febc406d725ec161e33700c', '75983661', 'Packages\\Dice3D\\Models\\Dice3D', '2020-10-20 20:19:53', '2020-10-20 20:19:53'),
(61, '50', 'rjFW925XcMnOeJ3o', '3aa616272cef68b246f5c73657641fac9910565d2f5b2a6ae5c516a229e09551', '75983661', 'Packages\\Dice3D\\Models\\Dice3D', '2020-10-20 20:20:24', '2020-10-20 20:20:24'),
(62, '36', 'KyRbM7icej2LgkWc', 'e78c8350726acfd53a251cef7985bab769b3379c409899becd10c6304e4592d3', '75983661', 'Packages\\Dice3D\\Models\\Dice3D', '2020-10-20 20:20:44', '2020-10-20 20:20:44'),
(63, '40', 'iI7WVP4vxGNeGxkn', 'a59d7cc3775f6e34dcc9c0bbfb146649e9bd3832fc390c38fc00d657779be454', '75983661', 'Packages\\Dice3D\\Models\\Dice3D', '2020-10-20 20:21:05', '2020-10-20 20:21:05'),
(64, '19', 'qnkXtFHAhQlqBIWG', '1974aef87a3813c01ea642a5d072cf4fdcb274dfe31d050daa56044b14cfc3d6', '75983661', 'Packages\\Dice3D\\Models\\Dice3D', '2020-10-20 20:21:26', '2020-10-20 20:21:26'),
(65, '24', 'mXiDyR81Fv6TYFij', '6ce18ce73e1b86a3c738e57fc6253ec460b4655b8a44be941bff45d9c8a6091f', '75983661', 'Packages\\Dice3D\\Models\\Dice3D', '2020-10-20 20:21:45', '2020-10-20 20:21:45'),
(66, '41', 'nvVSXe5FY2rUtpAO', '6e49c1dc85f51fc477f051eabf837f2885c9fd0ad926791bae672931fe9777ec', '75983661', 'Packages\\Dice3D\\Models\\Dice3D', '2020-10-20 20:22:17', '2020-10-20 20:22:17'),
(67, '56', 'OQO0SMNdAckskAcW', 'd3fffcbfea5b32ccf4eaf10762211e00c7295ba0de686b937dc03af34f3eac71', '75983661', 'Packages\\Dice3D\\Models\\Dice3D', '2020-10-20 20:28:00', '2020-10-20 20:28:00'),
(68, '41', 'xOX7IyXhWnEVQBSh', '0d3da82ed1f301274efa2a31255064a4aa94b55360e6c9ffbbd894b9208b5bb4', '75983661', 'Packages\\Dice3D\\Models\\Dice3D', '2020-10-20 20:28:33', '2020-10-20 20:28:33'),
(69, '14', 'i3dvBQUJ1NXZrI3j', 'a1fdab18d16eadb04ba056dabec15fd0ebacc8f908204bc40426dbb28d73d3c3', '75983661', 'Packages\\Dice3D\\Models\\Dice3D', '2020-10-20 20:28:54', '2020-10-20 20:28:54'),
(70, '55', 'Wtmy3Len2AeKT8QZ', 'ed7ec376613db8fecce8c4ba96eedd654533a21341d020d5613a4ec7ae4b474a', '75983661', 'Packages\\Dice3D\\Models\\Dice3D', '2020-10-20 20:29:19', '2020-10-20 20:29:19'),
(71, '31', 'BFyMProSy0WAC4m7', 'bd3743796f842d40b55fd7f0dfeb81df96b85f9746ca35263342e758093d4917', '75983661', 'Packages\\Dice3D\\Models\\Dice3D', '2020-10-20 20:29:49', '2020-10-20 20:29:49'),
(72, '35', 'ele7nfXjteQW5uFU', '94ef869c5ee6387423cae7b70e0216826ed220192695322491e366cc6300808d', '75983661', 'Packages\\Dice3D\\Models\\Dice3D', '2020-10-20 20:30:35', '2020-10-20 20:30:35'),
(73, '27', 'sk0pFQPQHbBkOVt7', 'db708c6092cbc50c2b67d56b5024788fe37072ae15e249e316c8f379ea709ed4', '75983661', 'Packages\\Dice3D\\Models\\Dice3D', '2020-10-20 20:30:55', '2020-10-20 20:30:55'),
(74, '7', 'Bo0O6hPZztX4tmyo', 'c0c47e0cea5ab6a1d098426287c72869a34680b3f7b7e2c46102e39875052df0', '75983661', 'Packages\\Dice3D\\Models\\Dice3D', '2020-10-20 20:31:14', '2020-10-20 20:31:14'),
(75, '39', 'sHh2uOoMZ2rbuenQ', 'd28ce342b5b0a1c833b574876ca71515e433be59b3f353d319d62ba2852c7f85', '75983661', 'Packages\\Dice3D\\Models\\Dice3D', '2020-10-20 20:31:56', '2020-10-20 20:31:56'),
(76, '27', 'kmA0k8c9sUE0a1fP', '6499ce276584bef1f0b50646fc5e0b1000b3e2d92b16e8743bda7d4128458925', '75983661', 'Packages\\Dice3D\\Models\\Dice3D', '2020-10-20 20:32:19', '2020-10-20 20:32:19'),
(77, '35', '4LhAxqgsz1xXZaFP', '3daecc61cf7f72669e7d974c29d16d59d62f2473ea567856847d14d65029a57a', '75983661', 'Packages\\Dice3D\\Models\\Dice3D', '2020-10-20 20:32:34', '2020-10-20 20:32:34'),
(78, '39', '9a2DzNzQb3OjiOnS', '924f48047dc50a82c1dd434e985cb9e637950cce0899e667c6859cc3ccff18d8', '75983661', 'Packages\\Dice3D\\Models\\Dice3D', '2020-10-20 20:32:57', '2020-10-20 20:32:57'),
(79, '46', 'OI5IDFQwVkFVv1kk', 'bc13aa4f758e16b920d33881a483a17353644ffa9ab6433772109c0cae538bdc', '75983661', 'Packages\\Dice3D\\Models\\Dice3D', '2020-10-20 20:33:27', '2020-10-20 20:33:27'),
(80, '43', 'jDEfEUE0WYqMSZTz', '4c0232f47aee9f47895b0f9bc687babd6e4039a04fc32ed3eea612409a5dd5fd', '75983661', 'Packages\\Dice3D\\Models\\Dice3D', '2020-10-20 20:33:44', '2020-10-20 20:33:44'),
(81, '53', '6Kg5piwt0hDornXu', '909a98146195d3608edef47b225d819021601c4dbe001b08ee32ec354fb62ac2', '75983661', 'Packages\\Dice3D\\Models\\Dice3D', '2020-10-20 20:35:09', '2020-10-20 20:35:09'),
(82, '58', 'bKNlKHMCPgBcvuST', '9dc5c7db4582a32f9132bbad09fe174765e4072f04a713b374d5e3514913d4b5', '75983661', 'Packages\\Dice3D\\Models\\Dice3D', '2020-10-20 20:35:39', '2020-10-20 20:35:39'),
(83, '22', 'MKisIZu2ShnK1SOJ', 'a6a051444599a73535c8a8a38617d5067d06bb6a71491283e2e24ef48d734458', '75983661', 'Packages\\Dice3D\\Models\\Dice3D', '2020-10-20 20:35:55', '2020-10-20 20:35:55'),
(84, '15', 'KBoGf4ybz7g6OhXw', '8d0a0445d92ce802deea28c8e1075e3d1dd9973e22df99c1a086fcebbb4183d1', '75983661', 'Packages\\Dice3D\\Models\\Dice3D', '2020-10-20 20:36:14', '2020-10-20 20:36:14'),
(85, '39', 'VGvS7S7PJeHGQ43q', '8a5f95063f89b5a4bbb7e36708430e29da99c2c9ed1981de83306bd0e83c360b', '75983661', 'Packages\\Dice3D\\Models\\Dice3D', '2020-10-20 20:36:31', '2020-10-20 20:36:31'),
(86, '24', 'sGofEbJ1Gy3RuWpU', 'a6362e15774b8d1ecad7992959d8d2b7c249f2df9de4b8f1ae322e8e5c3aa039', '75983661', 'Packages\\Dice3D\\Models\\Dice3D', '2020-10-20 20:36:48', '2020-10-20 20:36:48'),
(87, '41', 'Rc5QQJ9N7y125rNW', 'ca5bcbf01621f539e0d87950d8038918dbe31fe5827ccec57612b8eb6fccd443', '75983661', 'Packages\\Dice3D\\Models\\Dice3D', '2020-10-20 20:37:05', '2020-10-20 20:37:05'),
(88, '40', '8NLjqximRHofILAH', 'abacbd6e3fc744514c548618c6e482fd86c8119565aec5dea7b30e5166e0210d', '75983661', 'Packages\\Dice3D\\Models\\Dice3D', '2020-10-20 20:37:23', '2020-10-20 20:37:23'),
(89, '13', '0RB5eCiGbawegol1', '98cddcb8fc83891d7bbfefa1a165204ec5a3befc49d1d94c10321e367d07ed7a', '75983661', 'Packages\\Dice3D\\Models\\Dice3D', '2020-10-20 20:37:43', '2020-10-20 20:37:43'),
(90, '33', 'jHkNjIcBCjprR4Nn', 'c159dd05ef21206b979dd7009d560a66648b56499afcf6cd6fcb70ec3a50b170', '75983661', 'Packages\\Dice3D\\Models\\Dice3D', '2020-10-20 20:38:05', '2020-10-20 20:38:05'),
(91, '39', 'tKfavbHchGC7kIMi', '0a99aed72ef92e9858ddda73602f16c45d2893dc7b0fea9a4c1d204c8698a925', '75983661', 'Packages\\Dice3D\\Models\\Dice3D', '2020-10-20 20:38:24', '2020-10-20 20:38:24'),
(92, '28', 'EDBk64jceEyi4g5e', '157fd9655d8d1310f02f489e89d62d4aa092284b135148dd882165c71e6d8ae3', '75983661', 'Packages\\Dice3D\\Models\\Dice3D', '2020-10-20 20:38:41', '2020-10-20 20:38:41'),
(93, '25', 'rUcna99E7zEkZCHZ', '27f24a840741035cdd1e5c6ec7c5f652ca36b3fdb93cfc7c0d8fbd12dc92d09c', '75983661', 'Packages\\Dice3D\\Models\\Dice3D', '2020-10-20 20:38:59', '2020-10-20 20:38:59'),
(94, '32', 'vV5fzEQ8otPC4Rwr', 'e87a689c2c3e544f34d92b64df0526790bdf19489d56e45b7537afe897733029', '75983661', 'Packages\\Dice3D\\Models\\Dice3D', '2020-10-20 20:39:16', '2020-10-20 20:39:16'),
(96, 'H9,D9,H5,S8,S3,C7,HA,C8,S5,H6,ST,D7,C9,CJ,HJ,SQ,HK,H7,D3,DT,D2,D8,S9,C2,DA,HQ,S2,C4,CT,D5,H3,H8,SK,CQ,C6,SA,SJ,CA,DJ,CK,S7,S6,H2,S4,D6,D4,C5,H4,DK,HT,C3,DQ', 'LYuaqOrmqquyeYZQ', '9695b5e39dcebc8df0a79ffc64915b8cf7a6d2083a7ac00d635fb4727a239090', '93250967', 'Packages\\Baccarat\\Models\\Baccarat', '2020-10-21 15:29:41', '2020-10-21 15:29:41'),
(97, 'H9,CA,DT,H4,S7,C6,HJ,H8,HA,CJ,DQ,DA,C7,D9,HQ,D8,H2,C9,D5,DK,DJ,CQ,S6,C8,S2,CK,HK,ST,SA,SK,D4,D3,SJ,H6,HT,S3,C5,C4,S9,D7,D2,H5,CT,S4,C3,H3,S5,C2,D6,SQ,S8,H7', 'PlLtcVVckehvi4VG', '9d56415cc8de5aab852a3080e1de786f81fee2c90d94ab024493ce01531c06a1', '93250967', 'Packages\\Baccarat\\Models\\Baccarat', '2020-10-21 15:29:52', '2020-10-21 15:29:52'),
(98, 'HA,SK,D5,S3,CT,HJ,HK,H8,DJ,HQ,H2,H6,C2,C9,C3,S5,DA,D9,C6,DK,H4,H3,CQ,CJ,CK,DQ,H7,CA,SJ,D4,C5,S4,ST,S9,D6,S8,D7,DT,H5,D8,SA,H9,S7,C8,S6,D2,HT,S2,D3,C7,C4,SQ', 'nV5WzWAra0mMlnbs', '5d5647cf96b85b66d1cd65f8ef6190bd5f17df544c495e1704ef63e8bc709279', '93250967', 'Packages\\Baccarat\\Models\\Baccarat', '2020-10-21 15:30:07', '2020-10-21 15:30:07'),
(99, 'CA,S2,ST,S6,SQ,S8,DA,D7,C7,SJ,D4,CQ,S3,H8,DJ,DK,DT,C9,S7,C6,CK,HK,C8,C3,HQ,D3,DQ,SA,SK,S9,H4,D2,S4,S5,HA,C4,D5,CT,D8,C5,CJ,D6,HT,C2,H6,H5,H3,D9,H9,H2,HJ,H7', 'Xg6atMAxaaGhyE25', '9e4bfe9012028a10b97f65b5425ce78665f5ad99d298d5dd3f0e47afc9d321b4', '93250967', 'Packages\\Baccarat\\Models\\Baccarat', '2020-10-21 15:30:30', '2020-10-21 15:30:30'),
(100, 'S7,D9,D3,DJ,H6,CQ,H7,DK,S4,CA,S6,S2,HJ,H4,D4,S3,HA,CT,H8,S5,DT,SK,C8,D7,HT,ST,HK,C2,H2,H5,S9,SA,C9,C7,C3,C6,SQ,CJ,C5,CK,DQ,S8,H9,HQ,H3,D6,D2,D5,D8,C4,DA,SJ', '13MfnBI1rOilyuiy', 'de0d2f3d1e1dda1c3294ff2e6318252b33c7bbf0052c18822ea7bb453325fd7e', '93250967', 'Packages\\Baccarat\\Models\\Baccarat', '2020-10-21 15:30:47', '2020-10-21 15:30:47'),
(101, '20', 'urixSirWmHVt3RXO', '7dc14144d4e5267f88f2e90f13990518e5e0f917dc21aa0e7b17d3beb68e1be7', '58831135', 'Packages\\Dice3D\\Models\\Dice3D', '2020-10-21 15:30:58', '2020-10-21 15:30:58'),
(102, '27', 'GuWfjtHicsvYXHh7', '791284b619e13596dd059e8e535ea6bad044af437d980182d7f810a2a6fa667e', '75187870', 'Packages\\Dice3D\\Models\\Dice3D', '2020-10-21 15:30:59', '2020-10-21 15:30:59'),
(103, '42', 'CuLg9Eo0OAR1zqEP', '9be3f16f7533cf1948cad1a8d4f444e62d4f60cfe1647c3687946c092cd94708', '75187870', 'Packages\\Dice3D\\Models\\Dice3D', '2020-10-21 15:31:12', '2020-10-21 15:31:12'),
(104, '18', 'PkobU0VBbmkpWJew', 'eb132d3f8677587ca1087a99a080d3c1d75139c61f221fd87e7e9ba8ada7d485', '75187870', 'Packages\\Dice3D\\Models\\Dice3D', '2020-10-21 15:31:22', '2020-10-21 15:31:22'),
(105, '23', 'eNCXKEQuBd4voPWd', '351c8502354bac7b9f1df22923eec90ec90f21e35381396955f8205b76ba0095', '75187870', 'Packages\\Dice3D\\Models\\Dice3D', '2020-10-21 15:31:37', '2020-10-21 15:31:37'),
(106, '18', 'rGYknQjCBH3UJpUN', '60ae0f43a18008747f97a523c7036250a916ac21b391a293e11b9362575af07b', '75187870', 'Packages\\Dice3D\\Models\\Dice3D', '2020-10-21 15:31:54', '2020-10-21 15:31:54');

-- --------------------------------------------------------

--
-- Table structure for table `social_profiles`
--

CREATE TABLE `social_profiles` (
  `id` bigint(20) UNSIGNED NOT NULL,
  `user_id` bigint(20) UNSIGNED NOT NULL,
  `provider_name` varchar(50) COLLATE utf8_unicode_ci NOT NULL,
  `provider_user_id` varchar(255) COLLATE utf8_unicode_ci NOT NULL,
  `created_at` timestamp NULL DEFAULT NULL,
  `updated_at` timestamp NULL DEFAULT NULL
) ENGINE=InnoDB DEFAULT CHARSET=utf8 COLLATE=utf8_unicode_ci;

-- --------------------------------------------------------

--
-- Table structure for table `users`
--

CREATE TABLE `users` (
  `id` bigint(20) UNSIGNED NOT NULL,
  `referrer_id` bigint(20) UNSIGNED DEFAULT NULL,
  `name` varchar(100) COLLATE utf8_unicode_ci NOT NULL,
  `email` varchar(255) COLLATE utf8_unicode_ci NOT NULL,
  `role` tinyint(3) UNSIGNED NOT NULL,
  `status` tinyint(3) UNSIGNED NOT NULL,
  `hide_profit` tinyint(1) NOT NULL DEFAULT 0,
  `banned_from_chat` tinyint(1) NOT NULL DEFAULT 0,
  `avatar` varchar(100) COLLATE utf8_unicode_ci DEFAULT NULL,
  `password` varchar(255) COLLATE utf8_unicode_ci NOT NULL,
  `remember_token` varchar(100) COLLATE utf8_unicode_ci DEFAULT NULL,
  `totp_secret` varchar(300) COLLATE utf8_unicode_ci DEFAULT NULL,
  `last_login_from` varchar(45) COLLATE utf8_unicode_ci DEFAULT NULL,
  `last_login_at` datetime DEFAULT NULL,
  `email_verified_at` timestamp NULL DEFAULT NULL,
  `created_at` timestamp NULL DEFAULT NULL,
  `updated_at` timestamp NULL DEFAULT NULL
) ENGINE=InnoDB DEFAULT CHARSET=utf8 COLLATE=utf8_unicode_ci;

--
-- Dumping data for table `users`
--

INSERT INTO `users` (`id`, `referrer_id`, `name`, `email`, `role`, `status`, `hide_profit`, `banned_from_chat`, `avatar`, `password`, `remember_token`, `totp_secret`, `last_login_from`, `last_login_at`, `email_verified_at`, `created_at`, `updated_at`) VALUES
(1, NULL, 'Administrador', 'clickdiego10@hotmail.com', 2, 0, 0, 0, NULL, '$2y$10$5y8xlCM1zIE3LDwMkeDvAuYQ3s6hxzE0iccdJ8Zg2ihl9uy74gJ3O', 'qkxCOhU3REoJ0mOkji1dy6fiNaSD3XFwCvntx2iXLLqRdB1c0ZCAkNaBxBIo', NULL, '172.68.24.65', '2020-10-20 22:02:51', '2020-10-16 21:03:23', '2020-10-16 21:03:23', '2020-10-21 01:02:51'),
(2, NULL, 'Praveen', 'praveen.tast@gmail.com', 1, 0, 0, 0, NULL, '$2y$10$wafJN.7JcCK5bvtjqMHqUOGTGVcfB5UxflIqq5YdZKpVOhCe9BE9G', NULL, NULL, NULL, NULL, NULL, '2020-10-16 23:13:25', '2020-10-16 23:13:25'),
(3, NULL, 'david', 'davidsantosdsoficial@gmail.com', 1, 0, 0, 0, NULL, '$2y$10$S5Cz.VG1zSwj4IuJ07bWyey9dFaxj2SYGoiFLyFGia06m8kcMv3Mu', NULL, NULL, NULL, NULL, NULL, '2020-10-20 18:50:00', '2020-10-20 18:50:00');

--
-- Indexes for dumped tables
--

--
-- Indexes for table `accounts`
--
ALTER TABLE `accounts`
  ADD PRIMARY KEY (`id`),
  ADD KEY `accounts_user_id_foreign` (`user_id`);

--
-- Indexes for table `account_transactions`
--
ALTER TABLE `account_transactions`
  ADD PRIMARY KEY (`id`),
  ADD KEY `account_transactions_morph` (`transactionable_type`,`transactionable_id`),
  ADD KEY `account_transactions_account_id_foreign` (`account_id`);

--
-- Indexes for table `affiliate_commissions`
--
ALTER TABLE `affiliate_commissions`
  ADD PRIMARY KEY (`id`),
  ADD KEY `affiliate_commission_morph` (`commissionable_type`,`commissionable_id`),
  ADD KEY `affiliate_commissions_account_id_foreign` (`account_id`),
  ADD KEY `affiliate_commissions_referral_account_id_foreign` (`referral_account_id`);

--
-- Indexes for table `bonuses`
--
ALTER TABLE `bonuses`
  ADD PRIMARY KEY (`id`),
  ADD KEY `bonuses_account_id_foreign` (`account_id`);

--
-- Indexes for table `chat_messages`
--
ALTER TABLE `chat_messages`
  ADD PRIMARY KEY (`id`),
  ADD KEY `chat_messages_room_id_foreign` (`room_id`),
  ADD KEY `chat_messages_user_id_foreign` (`user_id`);

--
-- Indexes for table `chat_message_recipients`
--
ALTER TABLE `chat_message_recipients`
  ADD PRIMARY KEY (`id`),
  ADD UNIQUE KEY `chat_message_recipients_message_id_user_id_unique` (`message_id`,`user_id`),
  ADD KEY `chat_message_recipients_user_id_foreign` (`user_id`);

--
-- Indexes for table `chat_rooms`
--
ALTER TABLE `chat_rooms`
  ADD PRIMARY KEY (`id`),
  ADD KEY `chat_rooms_enabled_index` (`enabled`);

--
-- Indexes for table `games`
--
ALTER TABLE `games`
  ADD PRIMARY KEY (`id`),
  ADD KEY `game_morph` (`gameable_type`,`gameable_id`),
  ADD KEY `games_status_index` (`status`),
  ADD KEY `games_win_index` (`win`),
  ADD KEY `games_created_at_index` (`created_at`),
  ADD KEY `games_account_id_foreign` (`account_id`),
  ADD KEY `games_provably_fair_game_id_foreign` (`provably_fair_game_id`);

--
-- Indexes for table `games_baccarat`
--
ALTER TABLE `games_baccarat`
  ADD PRIMARY KEY (`id`);

--
-- Indexes for table `games_dice_3d`
--
ALTER TABLE `games_dice_3d`
  ADD PRIMARY KEY (`id`);

--
-- Indexes for table `game_rooms`
--
ALTER TABLE `game_rooms`
  ADD PRIMARY KEY (`id`),
  ADD KEY `game_rooms_user_id_foreign` (`user_id`),
  ADD KEY `game_rooms_gameable_type_status_index` (`gameable_type`,`status`);

--
-- Indexes for table `game_room_players`
--
ALTER TABLE `game_room_players`
  ADD PRIMARY KEY (`id`),
  ADD UNIQUE KEY `game_room_players_game_room_id_user_id_unique` (`game_room_id`,`user_id`),
  ADD KEY `game_room_players_user_id_foreign` (`user_id`),
  ADD KEY `game_room_players_game_id_foreign` (`game_id`);

--
-- Indexes for table `generic_account_transactions`
--
ALTER TABLE `generic_account_transactions`
  ADD PRIMARY KEY (`id`),
  ADD KEY `generic_account_transactions_type_index` (`type`),
  ADD KEY `generic_account_transactions_account_id_foreign` (`account_id`);

--
-- Indexes for table `migrations`
--
ALTER TABLE `migrations`
  ADD PRIMARY KEY (`id`);

--
-- Indexes for table `password_resets`
--
ALTER TABLE `password_resets`
  ADD KEY `password_resets_email_index` (`email`);

--
-- Indexes for table `provably_fair_games`
--
ALTER TABLE `provably_fair_games`
  ADD PRIMARY KEY (`id`),
  ADD UNIQUE KEY `provably_fair_games_hash_gameable_type_unique` (`hash`,`gameable_type`),
  ADD KEY `provably_fair_games_created_at_index` (`created_at`);

--
-- Indexes for table `social_profiles`
--
ALTER TABLE `social_profiles`
  ADD PRIMARY KEY (`id`),
  ADD UNIQUE KEY `social_profiles_provider_name_provider_user_id_unique` (`provider_name`,`provider_user_id`),
  ADD KEY `social_profiles_user_id_foreign` (`user_id`);

--
-- Indexes for table `users`
--
ALTER TABLE `users`
  ADD PRIMARY KEY (`id`),
  ADD UNIQUE KEY `users_name_unique` (`name`),
  ADD UNIQUE KEY `users_email_unique` (`email`),
  ADD KEY `users_role_index` (`role`),
  ADD KEY `users_status_index` (`status`),
  ADD KEY `users_referrer_id_foreign` (`referrer_id`);

--
-- AUTO_INCREMENT for dumped tables
--

--
-- AUTO_INCREMENT for table `accounts`
--
ALTER TABLE `accounts`
  MODIFY `id` bigint(20) UNSIGNED NOT NULL AUTO_INCREMENT, AUTO_INCREMENT=5;

--
-- AUTO_INCREMENT for table `account_transactions`
--
ALTER TABLE `account_transactions`
  MODIFY `id` bigint(20) UNSIGNED NOT NULL AUTO_INCREMENT, AUTO_INCREMENT=91;

--
-- AUTO_INCREMENT for table `affiliate_commissions`
--
ALTER TABLE `affiliate_commissions`
  MODIFY `id` bigint(20) UNSIGNED NOT NULL AUTO_INCREMENT;

--
-- AUTO_INCREMENT for table `bonuses`
--
ALTER TABLE `bonuses`
  MODIFY `id` bigint(20) UNSIGNED NOT NULL AUTO_INCREMENT, AUTO_INCREMENT=5;

--
-- AUTO_INCREMENT for table `chat_messages`
--
ALTER TABLE `chat_messages`
  MODIFY `id` bigint(20) UNSIGNED NOT NULL AUTO_INCREMENT;

--
-- AUTO_INCREMENT for table `chat_message_recipients`
--
ALTER TABLE `chat_message_recipients`
  MODIFY `id` bigint(20) UNSIGNED NOT NULL AUTO_INCREMENT;

--
-- AUTO_INCREMENT for table `chat_rooms`
--
ALTER TABLE `chat_rooms`
  MODIFY `id` bigint(20) UNSIGNED NOT NULL AUTO_INCREMENT;

--
-- AUTO_INCREMENT for table `games`
--
ALTER TABLE `games`
  MODIFY `id` bigint(20) UNSIGNED NOT NULL AUTO_INCREMENT, AUTO_INCREMENT=86;

--
-- AUTO_INCREMENT for table `games_baccarat`
--
ALTER TABLE `games_baccarat`
  MODIFY `id` bigint(20) UNSIGNED NOT NULL AUTO_INCREMENT, AUTO_INCREMENT=17;

--
-- AUTO_INCREMENT for table `games_dice_3d`
--
ALTER TABLE `games_dice_3d`
  MODIFY `id` bigint(20) UNSIGNED NOT NULL AUTO_INCREMENT, AUTO_INCREMENT=70;

--
-- AUTO_INCREMENT for table `game_rooms`
--
ALTER TABLE `game_rooms`
  MODIFY `id` bigint(20) UNSIGNED NOT NULL AUTO_INCREMENT;

--
-- AUTO_INCREMENT for table `game_room_players`
--
ALTER TABLE `game_room_players`
  MODIFY `id` bigint(20) UNSIGNED NOT NULL AUTO_INCREMENT;

--
-- AUTO_INCREMENT for table `generic_account_transactions`
--
ALTER TABLE `generic_account_transactions`
  MODIFY `id` bigint(20) UNSIGNED NOT NULL AUTO_INCREMENT, AUTO_INCREMENT=2;

--
-- AUTO_INCREMENT for table `migrations`
--
ALTER TABLE `migrations`
  MODIFY `id` int(10) UNSIGNED NOT NULL AUTO_INCREMENT, AUTO_INCREMENT=20;

--
-- AUTO_INCREMENT for table `provably_fair_games`
--
ALTER TABLE `provably_fair_games`
  MODIFY `id` bigint(20) UNSIGNED NOT NULL AUTO_INCREMENT, AUTO_INCREMENT=107;

--
-- AUTO_INCREMENT for table `social_profiles`
--
ALTER TABLE `social_profiles`
  MODIFY `id` bigint(20) UNSIGNED NOT NULL AUTO_INCREMENT;

--
-- AUTO_INCREMENT for table `users`
--
ALTER TABLE `users`
  MODIFY `id` bigint(20) UNSIGNED NOT NULL AUTO_INCREMENT, AUTO_INCREMENT=5;

--
-- Constraints for dumped tables
--

--
-- Constraints for table `accounts`
--
ALTER TABLE `accounts`
  ADD CONSTRAINT `accounts_user_id_foreign` FOREIGN KEY (`user_id`) REFERENCES `users` (`id`) ON DELETE CASCADE ON UPDATE CASCADE;

--
-- Constraints for table `account_transactions`
--
ALTER TABLE `account_transactions`
  ADD CONSTRAINT `account_transactions_account_id_foreign` FOREIGN KEY (`account_id`) REFERENCES `accounts` (`id`) ON DELETE CASCADE ON UPDATE CASCADE;

--
-- Constraints for table `affiliate_commissions`
--
ALTER TABLE `affiliate_commissions`
  ADD CONSTRAINT `affiliate_commissions_account_id_foreign` FOREIGN KEY (`account_id`) REFERENCES `accounts` (`id`) ON DELETE CASCADE ON UPDATE CASCADE,
  ADD CONSTRAINT `affiliate_commissions_referral_account_id_foreign` FOREIGN KEY (`referral_account_id`) REFERENCES `accounts` (`id`) ON DELETE CASCADE ON UPDATE CASCADE;

--
-- Constraints for table `bonuses`
--
ALTER TABLE `bonuses`
  ADD CONSTRAINT `bonuses_account_id_foreign` FOREIGN KEY (`account_id`) REFERENCES `accounts` (`id`) ON DELETE CASCADE ON UPDATE CASCADE;

--
-- Constraints for table `chat_messages`
--
ALTER TABLE `chat_messages`
  ADD CONSTRAINT `chat_messages_room_id_foreign` FOREIGN KEY (`room_id`) REFERENCES `chat_rooms` (`id`) ON DELETE CASCADE ON UPDATE CASCADE,
  ADD CONSTRAINT `chat_messages_user_id_foreign` FOREIGN KEY (`user_id`) REFERENCES `users` (`id`) ON DELETE CASCADE ON UPDATE CASCADE;

--
-- Constraints for table `chat_message_recipients`
--
ALTER TABLE `chat_message_recipients`
  ADD CONSTRAINT `chat_message_recipients_message_id_foreign` FOREIGN KEY (`message_id`) REFERENCES `chat_messages` (`id`) ON DELETE CASCADE ON UPDATE CASCADE,
  ADD CONSTRAINT `chat_message_recipients_user_id_foreign` FOREIGN KEY (`user_id`) REFERENCES `users` (`id`) ON DELETE CASCADE ON UPDATE CASCADE;

--
-- Constraints for table `games`
--
ALTER TABLE `games`
  ADD CONSTRAINT `games_account_id_foreign` FOREIGN KEY (`account_id`) REFERENCES `accounts` (`id`) ON DELETE CASCADE ON UPDATE CASCADE,
  ADD CONSTRAINT `games_provably_fair_game_id_foreign` FOREIGN KEY (`provably_fair_game_id`) REFERENCES `provably_fair_games` (`id`) ON DELETE CASCADE ON UPDATE CASCADE;

--
-- Constraints for table `game_rooms`
--
ALTER TABLE `game_rooms`
  ADD CONSTRAINT `game_rooms_user_id_foreign` FOREIGN KEY (`user_id`) REFERENCES `users` (`id`) ON DELETE CASCADE ON UPDATE CASCADE;

--
-- Constraints for table `game_room_players`
--
ALTER TABLE `game_room_players`
  ADD CONSTRAINT `game_room_players_game_id_foreign` FOREIGN KEY (`game_id`) REFERENCES `games` (`id`) ON DELETE CASCADE ON UPDATE CASCADE,
  ADD CONSTRAINT `game_room_players_game_room_id_foreign` FOREIGN KEY (`game_room_id`) REFERENCES `game_rooms` (`id`) ON DELETE CASCADE ON UPDATE CASCADE,
  ADD CONSTRAINT `game_room_players_user_id_foreign` FOREIGN KEY (`user_id`) REFERENCES `users` (`id`) ON DELETE CASCADE ON UPDATE CASCADE;

--
-- Constraints for table `generic_account_transactions`
--
ALTER TABLE `generic_account_transactions`
  ADD CONSTRAINT `generic_account_transactions_account_id_foreign` FOREIGN KEY (`account_id`) REFERENCES `accounts` (`id`) ON DELETE CASCADE ON UPDATE CASCADE;

--
-- Constraints for table `social_profiles`
--
ALTER TABLE `social_profiles`
  ADD CONSTRAINT `social_profiles_user_id_foreign` FOREIGN KEY (`user_id`) REFERENCES `users` (`id`) ON DELETE CASCADE ON UPDATE CASCADE;

--
-- Constraints for table `users`
--
ALTER TABLE `users`
  ADD CONSTRAINT `users_referrer_id_foreign` FOREIGN KEY (`referrer_id`) REFERENCES `users` (`id`) ON DELETE CASCADE ON UPDATE CASCADE;
COMMIT;

/*!40101 SET CHARACTER_SET_CLIENT=@OLD_CHARACTER_SET_CLIENT */;
/*!40101 SET CHARACTER_SET_RESULTS=@OLD_CHARACTER_SET_RESULTS */;
/*!40101 SET COLLATION_CONNECTION=@OLD_COLLATION_CONNECTION */;
